code,name,description
A,管理的職業従事者,"管理的職業従事者。事業経営方針の決定・経営方針に基づく執行計画の樹立・作業の監督・統制など、経営体の全般又は課（課相当を含む）以上の内部組織の経営・管理に従事するものをいう。国・地方公共団体の各機関の公選された公務員も含まれる。
ただし、経営又は管理に従事するものであっても次の仕事に従事するものはそれぞれ該当する項目に分類される。
(1)　研究所長・病院長・診療所長・歯科診療所長・歯科医院長・裁判所長・検事総長・検事長・検事正・公正取引委員会審査長・海難審判所審判長・特許庁審判長・校長は大分類Ｂ〔専門的・技術的職業従事者〕に分類される。
(2)　自衛官・警察官・海上保安官・消防員は大分類Ｆ〔保安職業従事者〕に分類される。"
01,管理的公務員,"管理的公務員。国又は地方公共団体における課（課相当を含む）以上の内部組織の業務を管理・監督する仕事に従事するもの及び議会議員として立法関係の仕事に従事するものをいう。
ただし、独立行政法人、国立大学法人、地方独立行政法人、特殊法人において管理的業務に従事するものは中分類〔02及び03〕に分類される。"
011,議会議員,議会議員。国会又は地方議会の議員として、国民又は地域住民を代表して、法律案・条例案・予算案等について審議・採決等を行う仕事に従事するものをいう。
012,管理的国家公務員,管理的国家公務員。国の課（課相当を含む）以上の内部組織の業務を管理・監督する仕事に従事するものをいう。
013,管理的地方公務員,管理的地方公務員。地方公共団体の課（課相当を含む）以上の内部組織の業務を管理・監督する仕事に従事するものをいう。
02,法人・団体役員,法人・団体役員。会社・独立行政法人・国立大学法人・地方独立行政法人・特殊法人・公益法人・組合などの法人・団体の業務の方針決定・執行・監督の仕事に従事するものをいう。
021,会社役員,"会社役員。株式会社（有限会社を含む）・合資会社・合名会社・合同会社の業務運営に関する重要事項の決定、業務の執行・監査の仕事に従事するものをいう。保険業法によって設立された相互会社の役員も含まれる。
ただし、特殊会社の役員は小分類〔022〕に分類される。
また、執行役については本分類に含まれるが、執行役員（取締役等の会社役員が兼務しているものを除く）については、小分類〔031〕に分類される。"
022,独立行政法人等役員,"独立行政法人等役員。独立行政法人、国立大学法人、地方独立行政法人、公立大学法人、特殊法人、認可法人などの業務運営に関する重要事項の決定、業務の執行・監査の仕事に従事するものをいう。
ただし、特殊法人から民間法人化された法人の役員は小分類〔029〕に分類される。"
029,その他の法人・団体役員,その他の法人・団体役員。公益法人・組合など他に分類されない法人・団体の業務の方針決定・執行・監督の仕事に従事するものをいう。
03,法人・団体管理職員,"法人・団体管理職員。会社・独立行政法人・国立大学法人・地方独立行政法人・特殊法人・公益法人・組合などの法人・団体における課（課相当を含む）以上の内部組織の業務を管理・監督する仕事に従事するものをいう。
ただし、会社・団体等の役員は中分類〔02〕に分類される。"
031,会社管理職員,"会社管理職員。会社において、課（課相当を含む）以上の内部組織の業務を管理・監督する仕事に従事するものをいう。
ただし、特殊会社の管理職員は小分類〔032〕に分類される。"
032,独立行政法人等管理職員,"独立行政法人等管理職員。独立行政法人、国立大学法人、地方独立行政法人、特殊法人において、課（課相当を含む）以上の内部組織の業務を管理・監督する仕事に従事するものをいう。
ただし、特殊法人から民間法人化された法人においてこれらの仕事に従事するものは小分類〔039〕に分類される。"
039,その他の法人・団体管理職員,その他の法人・団体管理職員。会社、独立行政法人、国立大学法人、地方独立行政法人、特殊法人（民間法人化された特殊法人を除く）以外の法人・団体において、課（課相当を含む）以上の内部組織の業務を管理・監督する仕事に従事するものをいう。
04,その他の管理的職業従事者,"その他の管理的職業従事者。個人が営む事業の経営・管理の仕事に従事するものなど、中分類〔01～03〕に含まれない管理的な仕事に従事するものをいう。
ただし、主に経営・管理以外の仕事に直接従事する事業主・支配人・管理職員は、他の大分類のそれぞれ該当する項目に分類される。"
049,その他の管理的職業従事者,"その他の管理的職業従事者。個人が営む事業の経営・管理の仕事に従事するものなど、中分類〔01～03〕に含まれない管理的な仕事に従事するものをいう。
ただし、主に経営・管理以外の仕事に直接従事する事業主・支配人・管理職員は、他の大分類のそれぞれ該当する項目に分類される。"
B,専門的・技術的職業従事者,"専門的・技術的職業従事者。高度の専門的水準において、科学的知識を応用した技術的な仕事に従事するもの、及び医療・教育・法律・宗教・芸術・その他の専門的性質の仕事に従事するものをいう。
この仕事を遂行するには、通例、大学・研究機関などにおける高度の科学的訓練・その他専門的分野の訓練、又はこれと同程度以上の実務的経験あるいは芸術上の創造的才能を必要とする。"
05,研究者,"研究者。公的研究機関、大学附置研究所又は企業の研究所・試験所・研究室などの試験・研究施設において、自然科学、人文・社会科学の分野の基礎的又は応用的な学問上・技術上の問題を解明するため、新たな理論・学説の発見又は技術上の革新を目標とする専門的・科学的な仕事に従事するものをいう。
この仕事を遂行するには、通例、大学（短期大学を除く）の課程を修了したか又はこれと同程度以上の専門的知識を必要とする。
ただし、大学附置研究所などの研究者のうち、講座を有するものは中分類〔19〕に分類される。"
051,自然科学系研究者,"自然科学系研究者。研究所・試験所・研究室などの試験・研究施設において、理学・工学・農学・医学・薬学などの自然科学に関する専門的・科学的な知識と技術をもって、科学技術に関しての新知識を得るために又は製品及び生産・製造工程などに関する開発や技術的改善を図るために、これらについての固有の研究テーマをもって、専ら試験・研究の仕事に従事するものをいう。
ただし、研究所・試験所・研究室などの研究施設において、専ら試験・研究に関連する技能的な仕事に従事するものは大分類Ｈ〔生産工程従事者〕の該当する項目に分類される。"
052,人文・社会科学系等研究者,人文・社会科学系等研究者。研究施設などにおいて、哲学・史学・文学・美術・心理学・教育学・社会学・法律学・政治学・経済学・商学・経営学などの人文・社会科学及び人文・社会科学以外の家政学・商船学などに関する固有の研究テーマをもって、専ら調査・研究などの専門的・科学的な仕事に従事するものをいう。
06,農林水産技術者,"農林水産技術者。科学的・専門的知識と手段を生産に応用し、農林水産業における企画・管理・監督・研究開発などの科学的・技術的な仕事に従事するものをいう。
この仕事を遂行するには、通例、大学（短期大学を除く）の課程を修了したか又はこれと同程度以上の専門的知識を必要とする。
ただし、試験所・研究所などの試験・研究施設で、製品開発に関する基礎的な研究の仕事に従事するものは中分類〔05〕に分類される。"
061,農林水産技術者,農林水産技術者。作物（稲・麦・雑穀・豆類・いも類・野菜・園芸作物・工芸作物・植木）の栽培・土壌・肥料・病虫害に関する技術の改良普及、農作物の生産流通に関する指導・調整、種苗の配布や農産物・種苗の検査、家畜・家きん・毛皮獣・みつばちなどの増殖・飼養・改良普及、飼料作物の栽培及び造林用種苗の育成、林木の育成・管理・保護、植林、保育、林産物の生産・利用及び水産動植物の採捕・養殖に関する企画・指導などの技術的な仕事に従事するものをいう。
07,製造技術者（開発）,"製造技術者（開発）。科学的・専門的知識を応用して、食品、電気・電子、機械、化学などの製品の開発・設計及び電気に関する技術の開発、施設の設計などの技術的な仕事に従事するものをいう。
なお、部品の開発・設計に係る技術者は、その部品の材質、製法、機能により小分類〔071～079〕のそれぞれに分類される。
この仕事を遂行するには、通例、大学（短期大学を除く）の課程を修了したか又はこれと同程度以上の専門的知識を必要とする。
ただし、試験所・研究所などの試験・研究施設で、基礎的な研究の仕事に従事するものは中分類〔05〕に分類される。また、指示を受けて製図のみ行うものは小分類〔591〕に分類される。"
071,食品技術者（開発）,"食品技術者（開発）。科学的・専門的知識を応用して、各種飲食料品の開発に関し、技術的な仕事に従事するものをいう。
ただし、食品衛生・監視の仕事に従事するものは小分類〔159〕に分類される。"
072,電気・電子・電気通信技術者（通信ネットワーク技術者を除く）（開発）,"電気・電子・電気通信技術者（通信ネットワーク技術者を除く）（開発）。科学的・専門的知識を応用して、強電機器・電気機器・ＬＳＩ・電子応用装置・電気通信機器などの各種電気・電子機械器具及び同機械器具の部品の開発・設計、発送電など電気に関する技術の開発、発送電・電気照明などの電気施設の計画・設計などの技術的な仕事に従事するものをいう。
ただし、通信施設の通信操作・技術操作、電波の監視・規正の業務に従事するものは小分類〔246〕に分類される。"
073,機械技術者（開発）,"機械技術者（開発）。科学的・専門的知識を応用して、各種機械器具（電気・電子機器・電気通信機器・自動車・航空機・船舶を除く）・機械設備及び同機械器具の部品に関する開発・設計の技術的な仕事に従事するものをいう。舶用機関の製造・改造などに関する開発・設計の技術的な仕事に従事するものも含まれる。
また、はん用的に各種機械に組み込まれ、あるいは取り付けをすることで用いられる機械器具及び同部品に関する開発・設計の技術的な仕事に従事するものも含まれる。"
074,自動車技術者（開発）,"自動車技術者（開発）。科学的・専門的知識を応用して、自動車及び同部品の開発に関し、開発･設計などの技術的な仕事に従事するものをいう。
ただし、自動車の原動機の開発・設計に関する技術的な仕事に従事するものは小分類〔073〕に分類される。"
075,輸送用機器技術者（自動車を除く) （開発）,"輸送用機器技術者（自動車を除く) （開発）。科学的・専門的知識を応用して、航空機、船舶及び同部品など、自動車を除く輸送用機器の開発に関し、開発・設計などの科学的・技術的な仕事に従事するものをいう。
ただし、航空機の原動機・航空計器の開発・設計に関する技術的な仕事、舶用機関計測器類の開発・設計に関する技術指導・作業管理などの技術的な仕事に従事するものは小分類〔073〕に分類される。"
076,金属技術者（開発）,"金属技術者（開発）。科学的・専門的知識を応用して、金属の製錬・精錬・溶解・鋳造・熱処理・圧延・表面処理・合金の製造などに関する技術の開発などの仕事に従事するものをいう。
ただし、非金属の精製に関する技術的な仕事に従事するものは小分類〔077〕に分類される。"
077,化学技術者（開発）,化学技術者（開発）。科学的・専門的知識を応用して、化学肥料・無機工業製品・有機工業製品・油脂・油脂製品・塗料・天然樹脂製品・木材化学製品・医薬品・発火物・香料・化粧品・石油製品・ゴム・化学繊維・合成繊維など化学製品の開発に関する技術的な仕事に従事するものをいう。
079,その他の製造技術者（開発）,その他の製造技術者（開発）。小分類〔071～077〕に含まれない機器等の製造に関し、科学的・専門的知識を応用して、開発・設計などの技術的な仕事に従事するものをいう。
08,製造技術者（開発を除く）,"製造技術者（開発を除く）。科学的・専門的知識を応用して、食品、電気･電子、機械、化学などの製品の生産における生産性の検討・生産準備・設備計画などの工程設計及び工程管理・品質管理、監督、指導並びに発送電など電気に係る機器又は施設の工事･維持・管理など、中分類〔07〕に含まれない技術的な仕事に従事するものをいう。
なお、部品の製造に係る技術者は、その部品の材質、製法、機能により小分類〔081～089〕のそれぞれに分類される。
この仕事を遂行するには、通例、大学（短期大学を除く）の課程を修了したか又はこれと同程度以上の専門的知識を必要とする。
ただし、主に生産現場で作業員の監督を行うものは大分類Ｈ〔生産工程従事者〕に分類される。"
081,食品技術者（開発を除く）,"食品技術者（開発を除く）。科学的・専門的知識を応用して、各種飲食料品の生産に関し、生産性の検討・生産準備・設備計画などの工程設計及び工程管理･品質管理、監督、指導などの技術的な仕事に従事するものをいう。
ただし、食品衛生・監視の仕事に従事するものは小分類〔159〕に分類される。"
082,電気・電子・電気通信技術者（通信ネットワーク技術者を除く）（開発を除く）,"電気・電子・電気通信技術者（通信ネットワーク技術者を除く）（開発を除く）。科学的・専門的知識を応用して、強電機器・電気機器・ＬＳＩ・電子応用装置・電気通信機器などの各種電気・電子機械器具及び同機械器具の部品の生産における生産性の検討・生産準備・設備計画などの工程設計、検査・維持管理、製作、保守、修理の技術的統制・指導・作業管理及び発送電・電気照明などの電気施設の工事の監督・維持管理などの技術的な仕事に従事するものをいう。
ただし、電気化学製品の製造に関する技術的な仕事に従事するものは含まれない。また、通信施設の通信操作・技術操作、電波の監視・規正の業務に従事するものは小分類〔246〕に分類される"
083,機械技術者（開発を除く）,"機械技術者（開発を除く）。科学的・専門的知識を応用して、各種機械器具（電気機器・電気通信機器・自動車・航空機・船舶を除く）・機械設備及び同部品などの生産に関する生産性の検討・生産準備・設備計画などの工程設計及び工程管理・品質管理、監督、指導・据付・製造・改造・修理・検査・調査などの技術的な仕事に従事するものをいう。舶用機関の製造・改造・維持・修理に関する技術指導・作業管理などの技術的な仕事に従事するものも含まれる。
また、はん用的に各種機械に組み込まれ、あるいは取り付けをすることで用いられる機械器具及び同部品に関する製造の技術的な仕事に従事するものも含まれる。
ただし、や（冶）金技術者は含まれない。"
084,自動車技術者（開発を除く）,"自動車技術者（開発を除く）。科学的・専門的知識を応用して、自動車及び同部品の生産に関し、生産性の検討・生産準備・設備計画などの工程設計、工程管理・品質管理、監督、指導などの技術的な仕事に従事するものをいう。
ただし、自動車の原動機の製造に関する技術的な仕事に従事するものは小分類〔083〕に分類される。"
085,輸送用機器技術者（自動車を除く) （開発を除く）,"輸送用機器技術者（自動車を除く) （開発を除く）。科学的・専門的知識を応用して、航空機、船舶及び同部品など、自動車を除く輸送用機器の生産に関し、生産性の検討・生産準備・設備計画などの工程設計及び工程管理・品質管理、監督、指導などの技術的な仕事に従事するものをいう。
ただし、航空機の原動機・航空計器の製造・修理に関する技術的な仕事、舶用機関計測器類の製造・修理に関する技術指導・作業管理などの技術的な仕事に従事するものは小分類〔083〕に分類される。"
086,金属技術者（開発を除く）,"金属技術者（開発を除く）。科学的・専門的知識を応用して、金属の製錬・精錬・溶解・鋳造・熱処理・圧延・表面処理・合金の製造などに関する生産性の検討・生産準備・設備計画などの工程設計及び工程管理･品質管理、監督、指導などの技術的な仕事に従事するものをいう。
ただし、非金属の精製に関する技術的な仕事に従事するものは小分類〔087〕に分類される。"
087,化学技術者（開発を除く）,"化学技術者（開発を除く）。科学的・専門的知識を応用して、化学肥料・無機工業製品・有機工業製品・油脂・油脂製品・塗料・天然樹脂製品・木材化学製品・医薬品・発火物・香料・化粧品・石油製品・ゴム・化学繊維・合成繊維などの製造に関する化学工程の生産性の検討・生産準備・設備計画などの工程設計及び工程管理・品質管理、監督、指導・分析・検査などの技術的な仕事に従事するものをいう。
ただし、や（冶）金・食品・染色整理・窯業技術者は含まれない。"
089,その他の製造技術者（開発を除く）,その他の製造技術者（開発を除く）。小分類〔081～087〕に含まれない機器等の製造に関し、科学的・専門的知識を応用して、生産工程の企画、工程管理・品質管理、監督、指導などの技術的な仕事に従事するものをいう。
09,建築・土木・測量技術者,"建築・土木・測量技術者。科学的・専門的知識と手段を応用し、建築・土木・測量における計画・設計・工事監理・技術指導・施工管理・検査などの技術的な仕事に従事するものをいう。
この仕事を遂行するには、通例、大学（短期大学を除く）の課程を修了したか又はこれと同程度以上の専門的知識を必要とする。
ただし、試験所・研究所などの試験・研究施設で、自然科学に関する専門的・科学的知識を必要とする研究の仕事に従事するものは中分類〔05〕に分類される。"
091,建築技術者,"建築技術者。住宅・その他の建築物の建設・改修・維持に関する計画・設計・工事監理・技術指導・施工管理・検査などの技術的な仕事に従事するものをいう。
ただし、土地台帳・家屋台帳の登録について、土地・家屋に関する調査・測量・申告手続の仕事に従事するものは小分類〔249〕に分類される。"
092,土木技術者,"土木技術者。道路（橋・トンネルを含む）・河川・港湾・海岸・鉄道・上下水道・空港・都市計画・水力開発・災害復旧などの土木施設の建設・改良・維持、及び宅地・農地・水路などの改良・造成に関する計画・設計・工事監理・技術指導・施工管理・検査などの技術的な仕事に従事するものをいう。土木工事の計画・施工とともに、付随的に測量作業に従事するものも含まれる。
ただし、土地台帳・家屋台帳の登録について、土地・家屋に関する調査・測量・申告手続に関する業務に従事するものは小分類〔249〕に、土地・水路などの測量に関する計画・実施などの技術的な仕事に従事するものは小分類〔093〕に分類される。"
093,測量技術者,測量技術者。土地・水路などの測量に関する計画・機械の調節・作業の実施・指揮など、及び測量に関する成果・資料の取りまとめについての技術的な仕事に従事するものをいう。
10,情報処理・通信技術者,"情報処理・通信技術者。情報処理及び情報通信に関する専門知識・経験をもって、適用業務の分析、システムの企画、プログラムの開発、構築されたシステムの管理、通信ネットワークの構築・保守などについての技術的な仕事に従事するものをいう。
この仕事を遂行するには、通例、大学などにおける自然科学に関する専門的訓練又はこれと同程度以上の知識と実務的経験を必要とする。
ただし、試験所・研究所などの試験・研究施設で、製品開発に関する基礎的な研究の仕事に従事するものは中分類〔05〕に分類される。
また、ハードウェアの製造のうち開発・設計に係る技術者は中分類〔07〕、ハードウェアの製造のうち管理、監督、指導に係る技術者は中分類〔08〕に分類される。"
101,システムコンサルタント,システムコンサルタント。顧客の業務内容を分析し、問題に合わせた情報システムを策定し、提言を行なう仕事に従事するものをいう。
102,システム設計者,"システム設計者。顧客又は自己の問題の解決のため、ハードウェア、ソフトウェア双方を含め、主として必要なシステム全体の構成を企画する仕事に従事するものをいう。パッケージソフトウェアの開発企画、企業等でシステムの導入に関する企画や導入時の監督の仕事に従事するものも含まれる。
ただし、個々のソフトウェアの開発の仕事に従事するものは小分類〔103〕に分類される。"
103,情報処理プロジェクトマネージャ,情報処理プロジェクトマネージャ。システム開発プロジェクトの責任者としてプロジェクト計画を作成し、必要となる要員や資源を確保し、予算、要求品質等について責任を持ち、プロジェクト全体を管理する仕事に従事するものをいう。
104,ソフトウェア作成者,"ソフトウェア作成者。ソフトウェア作成（基本ソフトウェア及びアプリケーションソフトウェア双方の開発を含む。）のための仕様決定、設計及びプログラミングの仕事に従事するものをいう。
ただし、主としてシステム全体の構成を企画する仕事に従事するものは小分類〔102〕に分類される。"
105,システム運用管理者,システム運用管理者。構築されたシステムについて、安全性の確保を含めた維持・管理・保守の仕事に従事するものをいう。
106,通信ネットワーク技術者,"通信ネットワーク技術者。有線電気通信・無線通信などの事業用電気通信設備及びＬＡＮ設備に関する計画・設計・施設工事の監督・維持管理などの技術的な仕事並びに通信規格など通信技術に関する技術的な仕事に従事するものをいう。
ただし、プログラム作成の仕事に従事するものは小分類〔104〕、サーバー管理の仕事に従事するものは小分類〔105〕、通信施設の通信操作・技術操作、電波の監視・規正の仕事に従事するものは小分類〔246〕、通信回線に利用者の機器を接続する作業に従事するものは小分類〔674〕に、ウェブのデザインの仕事に従事するものは小分類〔224〕に分類される。"
109,その他の情報処理・通信技術者,その他の情報処理・通信技術者。小分類〔101～106〕に含まれない情報処理・通信技術に関する仕事に従事するものをいう。
11,その他の技術者,"その他の技術者。中分類〔06～10〕に含まれない科学的・技術的な仕事に従事するものをいう。
この仕事を遂行するには、通例、大学などにおける自然科学に関する専門的訓練又はこれと同程度以上の知識と実務的経験を必要とする。
ただし、試験所・研究所などの試験・研究施設で、自然科学に関する専門的・科学的知識を必要とする研究の仕事に従事するものは中分類〔05〕に分類される。"
119,その他の技術者,その他の技術者。地質調査技術者など小分類〔061～109〕に含まれない技術的な仕事に従事するものをいう。
12,医師，歯科医師，獣医師，薬剤師,"医師，歯科医師，獣医師，薬剤師。医師、歯科医師、獣医師、薬剤師の免許を有し、医業・獣医業・薬業又はこれらに関連する医学・獣医学・薬学の知識を必要とする専門的・技術的な仕事に従事するものをいう。
ただし、次の仕事に従事するものは含まれない。
(1)　医学的知識に基づいて、予防衛生・保健衛生などに関する試験・研究の仕事に従事する医師、歯科医師は中分類〔05〕に分類される。
(2)　獣医学的知識に基づいて、家畜衛生、保健衛生などに関する試験・研究の仕事に従事する獣医師は中分類〔05〕に分類される。
(3)　薬学的知識に基づいて、医薬品・食品などに関する試験・研究の仕事に従事する薬剤師は中分類〔05〕に分類される。
(4)　医業・薬業又はこれらに関連する医学・薬学の知識を必要とする専門的・技術的な仕事に従事する医師、歯科医師、薬剤師である自衛官は中分類〔43〕に分類される。"
121,医師,"医師。医師の免許を有し、身体各部の疾患・機能障害の診断・治療・手術・研究、保健指導、健康管理、臨床検査、医学的矯正保護、医学的鑑識、保険事業に伴う医学的審査、海・空港における出入港検疫などの専門的・技術的な仕事に従事するものをいう。医師の免許を有する病院長・診療所長も含まれる。
ただし、次の仕事に従事するものは含まれない。
(1) 医薬品を製造する事業所において、医師の免許を有し、医薬品の製造を管理するものは小分類〔087〕に分類される。
(2) 医学的な検定・検査・診療に伴う、病理細菌に関する技術的な仕事に従事するものは小分類〔159〕に分類される。
(3) 大学の教授・准教授又は講師であって、学生等に対する教授及び大学附属の病院などで診断・治療などの仕事に従事するものは小分類〔198〕に分類される。"
122,歯科医師,"歯科医師。歯科医師の免許を有し、歯、その周囲組織及び口くう（腔）に生ずるすべての疾患についての診断・治療・予防・指導などの専門的・技術的な仕事に従事するものをいう。歯科医師の免許を有する歯科病院長・歯科診療所長も含まれる。
ただし、大学の教授・准教授又は講師であって、学生等に対する教授及び大学附属の病院などで歯科に関する診断・治療などの仕事に従事するものは小分類〔198〕に分類される。"
123,獣医師,"獣医師。獣医師の免許を有し、家畜・家きん・愛がん動物などの診療及び保健衛生指導、動物・畜産物の検疫などの専門的・技術的な仕事に従事するものをいう。獣医師の免許を有する家畜診療所長及び動物・畜産物の病源の有無について検査し、と殺処分・消毒などの取締りに従事するものも含まれる。
ただし、家畜の診療、動物・畜産物の検疫などの専門的な仕事に付随する技術的補助の仕事に従事するものは含まれない。"
124,薬剤師,"薬剤師。薬剤師の免許を有し、調剤、医薬品の供給、医薬品の製造の管理などの、薬事に関する専門的・技術的な仕事に従事するものをいう。
ただし、各種薬品に関する薬学的な試験・研究の業務に従事するものは小分類〔051〕に分類される。"
13,保健師，助産師，看護師,"保健師，助産師，看護師。保健師、助産師、看護師等の免許を有し、保健指導、助産、傷病者等に対する療養上の世話などの仕事に従事するものをいう。
ただし、看護業務に従事する自衛官は中分類〔43〕に分類される。"
131,保健師,保健師。保健師の免許を有し、健康相談・健康教育・家庭訪問などにより、衛生思想の普及・疾病予防の指導・傷病者の療養指導・その他日常生活上必要な保健指導の仕事に従事するものをいう。
132,助産師,助産師。助産師の免許を有し、助産、妊婦・じょく婦・新生児の保健指導の仕事に従事するものをいう。
133,看護師（准看護師を含む）,看護師（准看護師を含む）。看護師の免許を有し、傷病者・じょく婦・新生児に対する療養上の世話及び診療の補助の仕事に従事するもの、並びに准看護師の免許を有し、医師・歯科医師・看護師の指示を受けて、傷病者・じょく婦に対する療養上の世話及び診療の補助の仕事に従事するものをいう。
14,医療技術者,医療技術者。診療放射線技師、臨床工学技士、臨床検査技師、理学療法士、歯科技工士等の免許を有し、医師又は歯科医師の指示、指導等の下に、放射線の人体照射、生命維持管理装置の操作･保守、微生物学的検査、理学療法、歯科技工業務など中分類〔12及び13〕に含まれない保健衛生に関連する技術的な仕事に従事するものをいう。
141,診療放射線技師,診療放射線技師。診療放射線技師の免許を有し、医師又は歯科医師の指示の下に、放射線の人体照射（撮影を含む）の仕事に従事するものをいう。
142,臨床工学技士,臨床工学技士。臨床工学技士の免許を有し、医師の指示の下に、生命維持管理装置の操作（生命維持管理装置の先端部の身体への接続又は身体からの除去など。）及び保守点検の仕事に従事するものをいう。
143,臨床検査技師,臨床検査技師。臨床検査技師又は衛生検査技師の免許を有し、医師の指導監督の下に、微生物学的検査、血清学的検査、血液学的検査、病理学的検査、寄生虫学的検査、生化学的検査などの仕事に従事するものをいう。
144,理学療法士，作業療法士,理学療法士，作業療法士。理学療法士又は作業療法士の免許を有し、病院、診療所などにおいて、理学療法又は作業療法の仕事に従事するものをいう。社会福祉施設などにおいて従事するものも含まれる。
145,視能訓練士，言語聴覚士,視能訓練士，言語聴覚士。視能訓練士又は言語聴覚士の免許を有し、病院、診療所などにおいて、視能訓練又は言語訓練の仕事に従事するものをいう。社会福祉施設などにおいて従事するものも含まれる。
146,歯科衛生士,歯科衛生士。歯科衛生士の免許を有し、歯科医師の直接の指導の下に、歯牙及び口くう（腔）の疾患の予防処置として歯垢・歯石の除去、歯科診療の補助並びに歯科保健指導などの仕事に従事するものをいう。
147,歯科技工士,歯科技工士。歯科技工士の免許を有し、病院、歯科診療所、歯科技工所などにおいて、歯科医療の用に供する補てつ物、充てん物又は矯正装置を作成し、修理し、又は加工する仕事に従事するものをいう。
15,その他の保健医療従事者,その他の保健医療従事者。栄養士、あん摩マッサージ指圧師、はり師、きゅう師、柔道整復師など中分類〔12～14〕に含まれない保健衛生に関連する仕事に従事するものをいう。
151,栄養士,栄養士。栄養士の免許を有し、栄養指導、栄養相談、給食施設における献立の作成・栄養価の計算・特別治療食の調理・その他これらに伴う食事相談・し（嗜）好調査・栄養摂取状況調査などの栄養指導の仕事に従事するものをいう。
152,あん摩マッサージ指圧師，はり師，きゅう師，柔道整復師,あん摩マッサージ指圧師，はり師，きゅう師，柔道整復師。あん摩マッサージ指圧師、はり師、きゅう師又は柔道整復師の免許を有し、あん摩マッサージ指圧・はり・きゅう・柔道整復の施術の仕事に従事するものをいう。
159,他に分類されない保健医療従事者,他に分類されない保健医療従事者。医療監視員、薬事監視員など小分類〔121～152〕に含まれない専門的・技術的な医療・保健衛生の仕事に従事するものをいう。
16,社会福祉専門職業従事者,社会福祉専門職業従事者。福祉事務所、児童相談所、更生相談所、婦人相談所、社会福祉施設及び福祉団体等において、専門的調査・判定、相談、保護、教護、援護、育成、更生、介護計画等の仕事に従事するものをいう。
161,福祉相談指導専門員,福祉相談指導専門員。福祉事務所、児童相談所、更生相談所、婦人相談所において、専門的調査・判定、相談、助言、指導の仕事に従事するものをいう。
162,福祉施設指導専門員,福祉施設指導専門員。児童福祉施設、障害者支援施設、老人福祉施設等の福祉施設において、専門的な保護、自立支援、援護、育成、介護の指導の仕事に従事するものをいう。
163,保育士,保育士。児童の保育・保護の仕事に従事するものをいう。
169,その他の社会福祉専門職業従事者,その他の社会福祉専門職業従事者。社会福祉協議会等の福祉団体・保護観察所などにおいて、専門的な相談、指導、助言など小分類〔161～163〕に含まれない専門的・技術的な社会福祉の仕事に従事するものをいう。
17,法務従事者,法務従事者。裁判官、検察官、弁護士及びその他司法に関連する専門的な仕事に従事するものをいう。
171,裁判官,"裁判官。法律上の争訟を裁判するものをいう。
ただし、工業所有権に関する審判を行うもの、海難事件の審判・審判の請求・海難の調査・裁決の執行を行うものは小分類〔179〕に、裁判官弾がい（劾）の裁判を行うもの又は裁判官ひ（罷）免の訴追を行うものは小分類〔011〕に分類される。"
172,検察官,"検察官。刑事についての公訴・裁判所に法の正当な適用の請求・裁判の執行の監督・裁判所の権限に属するその他の事項についても職務上必要と認めるときは裁判所に通知を求め又は意見を述べ、公益の代表として他の法令がその権限に属させた事務を行う仕事に従事するものをいう。
ただし、裁判官ひ（罷）免の訴追を行うものは小分類〔011〕に分類される。"
173,弁護士,弁護士。当事者その他関係人の依頼又は官公署の委託によって訴訟事件、非訟事件、訴願・審査の請求・異議の申立てなど行政庁に対する不服申立事件に関する行為その他一般の法律事務を行う仕事に従事するものをいう。
174,弁理士,弁理士。他人からの求めに応じて特許などの工業所有権に関する出願、登録等の代理等の仕事に従事するものをいう。
175,司法書士,司法書士。他人からの求めに応じて、法務局における登記申請等を代理するほか、法務局、検察庁、裁判所等に提出する書類又は事実証明に関する書類を作成する仕事に従事するものをいう。
179,その他の法務従事者,"その他の法務従事者。法律行為その他私権に関する事実についての公正証書の作成、私署証書を認証する仕事に従事するもの、海難事件の審判を行い、審判の請求・維持・執行などの仕事、その他司法又はこれに関連する専門的な仕事に従事するものをいう。
ただし、個人の生命・身体・財産の保護のために捜査・逮捕を行い、公安を維持する仕事に従事するものは小分類〔441〕に、検察行政事務・国の利害に関係ある争訟事務・民事事務・人権擁護事務などの法律行政事務を行う仕事に従事するものは小分類〔172～173〕に分類される。"
18,経営・金融・保険専門職業従事者,経営・金融・保険専門職業従事者。高度な企業経営・金融・保険に関する専門的知識や実務経験に基づき、他人の求めに応じて、財務会計、人事労務に関するコンサルティング、財務監査、税務指導などの仕事及び資産運用や金融取引に関する助言・リスクヘッジ・リスクマネジメント・投資戦略の設計などの仕事に従事するものをいう。
181,公認会計士,公認会計士。他人の求めに応じて、財務書類の監査・証明・調整、財務に関する調査・立案・相談などに関する仕事に従事するものをいう。
182,税理士,税理士。他人の求めに応じて、租税に関する申告・申請・再調査又は審査の請求・異議の申立て・過誤納税金の還付請求などについて税務官公署に提出する書類の作成、税務に関する相談などの仕事に従事するものをいう。
183,社会保険労務士,社会保険労務士。社会保険労務士として、中小企業の経営者や年金受給者等の依頼に応じて、労働保険・社会保険関係の申請書等の作成・提出の代行・申請手続の代理、人事労務に関する診断・相談・指導などの仕事に従事するものをいう。
184,金融・保険専門職業従事者,"金融・保険専門職業従事者。金融機関等において、金融等の知識を応用して、資産運用や取引に関するリスクヘッジ、リスクマネジメントに関わる仕事、投資戦略の設計に関わる仕事、個々の企業の財務分析などに基づく株式の投資価値の分析・評価の仕事及び保険商品の開発などに関わる仕事に従事するものをいう。
ただし、有価証券の売買・仲立、資金や為替などの金融取引の仕事に従事するものは小分類〔333〕に分類される。"
189,その他の経営・金融・保険専門職業従事者,その他の経営・金融・保険専門職業従事者。他人の求めに応じて、経営計画・財務計画・生産管理・資材購買管理・労務管理などに関する相談・指導などの仕事に従事するものをいう。
19,教員,"教員。学校（幼稚園・小学校・中学校・高等学校・中等教育学校・特別支援学校・高等専門学校・大学をいう）・専修学校・各種学校（学校教育に類する教育を行う施設をいう）・その他の教育施設において、幼児・児童・生徒・学生の教育・養護に従事するものをいう。教育に従事する学長・校長（園長を含む）、部局長（大学の学部長・大学に附置される研究所の長・大学の附属図書館の長・大学共同利用機関の長をいう）、少年院・少年鑑別所において収容少年の教育に従事するものも含まれる。
ただし、教育委員会の教育長等は次のとおり分類される。
(1)　教育委員会の教育長は中分類〔01〕に、専門職員（指導主事・社会教育主事）は中分類〔24〕に分類される。
(2)　学校の事務職員・技術職員・実習助手は、それぞれ該当する項目に分類される。
(3)　教育に従事しない学校の理事などは中分類〔02〕に分類される。
(4)　児童自立支援施設において、児童の自立支援・教科指導に従事するものは中分類〔16〕に分類される。"
191,幼稚園教員,"幼稚園教員。幼稚園などにおいて、幼児の保育・養護に従事するものをいう。
ただし、保育所などの児童福祉施設において、児童の保育・保護の仕事に従事するものは含まれない。"
192,小学校教員,"小学校教員。小学校において、児童の初等普通教育・養護に従事するものをいう。
ただし、特別支援学校において、児童の初等普通教育に従事するものは小分類〔196〕に、少年院・少年鑑別所において、収容少年の矯正教育・教科の指導に従事するものは小分類〔199〕に分類される。"
193,中学校教員,"中学校教員。中学校において、生徒の中等普通教育・養護に従事するものをいう。
ただし、特別支援学校において、生徒の中等普通教育に従事するものは小分類〔196〕に、児童自立支援施設において、児童の自立支援・教科の指導に従事するものは小分類〔162〕に分類される。"
194,高等学校教員,"高等学校教員。高等学校において、生徒の高等普通教育・専門教育・養護に従事するものをいう。
ただし、特別支援学校において、生徒の高等普通教育に従事するものは小分類〔196〕に、少年院において、収容少年の矯正教育・教科の指導に従事するものは小分類〔199〕に、高等学校において、教育に関する専門的知識を必要とせず、専ら技能的・技術的知識若しくは経験を必要とする実技の指導又は実習の補助的な仕事に従事するものは、それぞれ該当する項目に分類される。"
195,中等教育学校教員,中等教育学校教員。中等教育学校において、生徒の中等普通教育・養護及び高等普通教育・専門教育・養護に従事するものをいう。
196,特別支援学校教員,"特別支援学校教員。特別支援学校において、生徒・児童・幼児の幼稚園・小学校・中学校・高等学校に準ずる教育・養護に従事するものをいう。
ただし、特別支援学校において、教育に関する専門的知識を必要とせず、専ら寄宿舎における生徒・児童の生活及び学習の世話などの仕事に従事するものは小分類〔412〕に、小学校・中学校・高等学校の特別支援学級において、児童・生徒の教育に従事するものは小分類〔192～194〕に分類される。"
197,高等専門学校教員,"高等専門学校教員。高等専門学校において、学生に専門の学芸を教授するものをいう。高等専門学校において、学生に対して、専門的・科学的知識に基づく実験又は実習の指導に従事するもの、及び高等専門学校所属の練習船において、教育及び船舶運航に従事するものも含まれる。
ただし、高等専門学校において、学理的基礎知識によらず、実務の経験若しくは研修に基づく知識・技術・技能によって、学生の実験又は学習の指導の補助的な仕事に従事するものは、それぞれ該当する項目に分類される。"
198,大学教員,"大学教員。大学（大学院、短期大学を含む）において、学生に専門の学芸を教授するものをいう。
教育に従事する学長・部局長、大学の学部（大学院の研究科・短期大学の学科）において学生に対して、専門的・科学的知識に基づく実験又は実習の指導・研究に従事するもの、大学の研究所、教育又は研究施設などにおいて、学生・研究生に対する教育・研究に従事するもの、大学の学部所属の練習船において、教育・研究・船舶運航に従事するものも含まれる。
ただし、次の仕事に従事するものは含まれない。
(1)　大学において、学理的基礎知識によらず、実務の経験若しくは研修に基づく知識・技術・技能によって、学生に関する事務、学生の実験又は学習の指導・研究の補助的仕事に従事するもの。
(2)　大学附属の病院・研究所などの附属施設において、専ら教育以外の仕事に従事するもの。
(3)　大学附属の諸学校において、生徒・児童・幼児の教育、教育実習学生の指導に従事するもの。
(4)　大学の医学部附属の看護師養成施設などにおいて、専ら看護などに関する理論又は実技の教授に従事するもの。
(5)　大学の学部・研究所などに附属する工場において、実験用又は試作機械器具の製作の仕事に従事するもの。
(6)　大学において、訓育上、直接学生を補導する仕事に従事するもの。
(7)　警察大学校・自治大学校・防衛大学校・航空大学校・海上保安大学校などにおいて、学生の教育に従事するもの。"
199,その他の教員,"その他の教員。専修学校、各種学校又は学校以外のその他の教育施設において、学生・生徒に対する各種の教科や実技などの教育に従事するものをいう。事業体附属の教育施設において、職員に対する業務上必要な知識・技術・技能などの教育に専ら従事するもの、就業について一定の資格（免許）を必要とするものの養成施設において、就業に必要な知識・実技などの教育に従事するもの、少年院において、収容少年の教育に従事するもの、職業訓練施設において、職業に必要な技能の訓練・指導に従事するもの含まれる。
ただし、次の仕事に従事するものは含まれない。
(1)　各種学校以外の教授所において、教養・レクリエーションなどのための、茶道・華道・手芸・音楽・舞踊・囲碁などの指導に従事するもの。
(2)　個人教授所（塾）において、学習指導に従事するもの。
(3)　個人家庭において、学習指導に従事するもの。
(4)　保育所・児童自立支援施設などの児童福祉施設において、児童の保育・生活指導などに従事するもの。"
20,宗教家,宗教家。神道・仏教・キリスト教又はその他の宗教の、布教、伝道、法要、式典などの祭式の執行、その他の宗教活動に従事するものをいう。
201,宗教家,宗教家。神道・仏教・キリスト教又はその他の宗教の、布教、伝道、法要、式典などの祭式の執行、その他の宗教活動に従事するものをいう。
21,著述家，記者，編集者,著述家，記者，編集者。詩歌・戯曲・小説などの文芸作品の創作の仕事に従事するもの、文学・学術などに関する著作・翻訳の仕事に従事するもの、新聞・雑誌などの記事の取材の仕事に従事するもの及び新聞・書籍・雑誌などを刊行するための資料を一定の目的の下に収集し、配列・整理するなどの仕事に従事するものをいう。
211,著述家,著述家。詩歌・戯曲・小説などの文芸作品の創作の仕事に従事するもの及び文学・学術などに関する著作・翻訳の仕事に従事するものをいう。
212,記者，編集者,記者，編集者。新聞・雑誌などの記事の取材・執筆の仕事に従事するもの及び新聞・書籍・雑誌などを刊行するための資料を一定の目的の下に収集し、配列・整理するなどの仕事に従事するものをいう。
22,美術家，デザイナー，写真家，映像撮影者,"美術家，デザイナー，写真家，映像撮影者。彫刻・絵画・美術工芸品などの芸術作品の創作の仕事に従事するもの、肖像写真の撮影・焼付け・引伸しなどの仕事に従事するもの、映画・テレビジョン用撮影機の操作の仕事に従事するもの、新聞・雑誌などの出版物に用いるためニュース・事件・人物などの撮影の仕事に従事するもの、工業的又は商業的製品などの装飾に関する専門的な仕事に従事するものをいう。
ただし、文芸作品の創作に従事するものは中分類〔21〕に、学校において、美術などについて学生・生徒の教育に従事するものは中分類〔19〕に分類される。"
221,彫刻家,"彫刻家。木彫・石彫・金銅造・塑像・仏像などの美術品の創作の仕事に従事するものをいう。
ただし、彫刻家の指導によって、彫刻又は塑造の製作の補助的な仕事に従事するものは含まれない。"
222,画家，書家,画家，書家。絵画・版画・書道の創作の仕事に従事するものをいう。
223,工芸美術家,"工芸美術家。陶磁工芸品・漆工芸品・染織工芸品・木竹工芸品・宝石・きば（牙）・角・皮革工芸品・金工芸品・美術家具などの、美術工芸品の創作、工芸技術に関する指導などの仕事に従事するものをいう。
ただし、工芸美術家の指導によって、工芸品製作の補助的な仕事に従事するものは含まれない。"
224,デザイナー,デザイナー。工業的若しくは商業的製品又はその他の物品・装飾に関し、用途・材質・製作法・形状・模様・色彩・配置・照明などについて、技芸的又は趣味的な意匠を考案し、図上に設計・表現を行う専門的な仕事に従事するものをいう。
225,写真家，映像撮影者,"写真家，映像撮影者。客の注文によりスチールカメラを使用して肖像写真の撮影・修正・プリントなどの仕事に従事するもの、新聞・雑誌などの出版物に用いるためのニュース・事件・人物などの撮影などの仕事に従事するもの、及び映画・テレビジョン用撮影機などを操作する仕事に従事するものものをいう。
ただし、撮影は行わず、写真・映画のフィルム現像・プリントのみを行う仕事に従事するもの又は映写機を操作する仕事に従事するものは小分類〔591〕に分類される。"
23,音楽家，舞台芸術家,"音楽家，舞台芸術家。映画・演劇などの芸術作品の創作、及び演奏・上演など芸術作品の再現に従事するものをいう。
ただし、文芸作品の創作に従事するものは中分類〔21〕に、学校において、演劇などについて学生・生徒の教育に従事するものは中分類〔19〕に分類される。"
231,音楽家,音楽家。作曲・演奏又は演奏の指揮に従事するものをいう。
232,舞踊家,舞踊家。舞・踊・振によって、感情と意志を表現する演技者をいう。
233,俳優,"俳優。映画・演劇・テレビジョンなどにおける演技者をいう。
ただし、映画・演劇などで演技をする演芸家は小分類〔235〕に分類される。"
234,演出家,演出家。脚本・シナリオに基づいて、映画・演劇・テレビなどを組成する俳優の演技指導を行うもの、及びセット・照明・音楽・擬音などを総合的に監督するものをいう。
235,演芸家,演芸家。講談・落語・漫才・浪曲・声色・茶番狂言・奇術・曲芸などの演技者をいう。
24,その他の専門的職業従事者,その他の専門的職業従事者。図書館司書、学芸員、カウンセラー（医療・福祉施設を除く）、個人教師、職業スポーツ従事者、通信機器操作従事者、ヘッドハンターなど中分類〔17～23〕に含まれない専門的な仕事に従事するものをいう。
241,図書館司書,"図書館司書。司書、司書補及び図書館資料に相当する資料の収集、分類、目録の整備、利用相談等の図書館奉仕に相当する事項に関する専門的職務に従事するものをいう。
ただし、司書教諭は中分類〔19〕教員に分類される。"
242,学芸員,学芸員。学芸員、学芸員補及び博物館資料に相当する資料の収集、保管、展示及び調査研究に関する専門的職務に従事するものをいう。
243,カウンセラー（医療・福祉施設を除く）,"カウンセラー（医療・福祉施設を除く）。カウンセリングに関する専門的知識を有し、学校・事業所等において、個人の抱える問題を把握して、専門的な援助を行う仕事に従事するものをいう。
ただし、法律、経営に関する相談を行う仕事に従事するものは中分類〔17及び18〕に、保健医療施設等において類似の仕事に従事するものは小分類〔159〕に、また、社会福祉施設等において類似の仕事に従事するものは中分類〔16〕に分類される。"
244,個人教師,"個人教師。茶道・生花・書道・囲碁・音楽・舞踊・スポーツなどの個人教授、及び学校教育の補習指導の仕事に従事するものをいう。
ただし、学校教育法に基づく学校、事業体附属の教育施設、就業について一定の資格（免許）を必要とするものの養成施設、矯正施設、職業訓練施設において教育に従事するものは中分類〔19〕に分類される。"
245,職業スポーツ従事者,職業スポーツ従事者。野球・相撲・ボクシング・レスリングなどの競技又は試合に参加し、運動競技を行うもの、及び監督･審判員など競技に直接関連する仕事に従事するものをいう。
246,通信機器操作従事者,通信機器操作従事者。通信設備（電波を送受信するための電気的設備又は線条その他の導体を利用して、電磁的方式により、符号、音響又は映像を送受信するための電気的設備）を操作する仕事など通信機器操作に係る仕事に従事するものをいう。
249,他に分類されない専門的職業従事者,他に分類されない専門的職業従事者。教育委員会指導主事・調律師など小分類〔241～246〕に含まれない専門的な仕事に従事するものをいう。
C,事務従事者,"事務従事者。一般に課長（課長相当職を含む）以上の職務にあるものの監督を受けて、庶務・文書・人事・調査・企画・会計などの仕事、並びに生産関連・営業販売・外勤・運輸・通信に関する事務及び事務用機器の操作の仕事に従事するものをいう。
ただし、課長（課長相当職を含む）以上の職務にあるものは大分類Ａ〔管理的職業従事者〕に分類される。"
25,一般事務従事者,一般事務従事者。庶務・文書・人事・厚生・企画・調査・広報・法務・教育研修などの仕事に従事するものをいう。秘書・応接（電話応接を含む）などの仕事及び事務全般（中分類26～31に係るものを含む）の仕事に従事するものも含まれる。
251,庶務事務員,庶務事務員。庶務・文書・株式・株主総会対応などの仕事に従事するものをいう。
252,人事事務員,人事事務員。採用・教育・給与・福利厚生・労務など人事の仕事に従事するものをいう。
253,企画事務員,企画事務員。企画・立案、業務計画の策定及び市場調査などの仕事に従事するものをいう。
254,受付・案内事務員,"受付・案内事務員。受付・案内・応接などの仕事に従事するものをいう。
ただし、飲食物の給仕や接客の仕事に従事するものは大分類Ｅ〔サービス職業従事者〕に分類される。"
255,秘書,秘書。国会議員、会社社長・重役など高度に専門的・管理的な職業に従事する者に対して内外との連絡、文書作成、スケジュール調整などの日常的な業務を補助する仕事に従事するものをいう。
256,電話応接事務員,電話応接事務員。電話の呼び出し・交換・取次ぎの仕事や電話による苦情、照会への対応、アポイントの取り付けなどの仕事に従事するものをいう。
257,総合事務員,"総合事務員。大分類Ｃ〔事務従事者〕に該当する仕事全般について、特に行うべき仕事の内容が限定されず各種の事務の仕事に従事するものをいう。
ただし、複数の仕事の従事していても、行うべき仕事の内容が限定されている場合は、行う仕事の内容により「総合事務員」以外の小分類に分類される。"
259,その他の一般事務従事者,その他の一般事務従事者。広報、法務など小分類〔251～257〕に含まれない一般事務の仕事に従事するものをいう。
26,会計事務従事者,"会計事務従事者。現金・小切手・手形類の受払い、会計帳簿の記入、物品の購入・管理、原価計算などの会計の仕事に従事するものをいう。
ただし、財務書類の監査・証明・調整、財務に関する調査・立案・相談などの会計に関する専門的業務に従事するものは小分類〔181〕に分類される。"
261,現金出納事務員,"現金出納事務員。現金・小切手・手形類の受払い及び現金出納簿の記入などの仕事に従事するものをいう。
ただし、現金出納簿記入のみの仕事に従事する場合は小分類〔263〕に分類される。
また、レジカウンターにおいて商品の精算、販売の仕事に従事するものは小分類〔323〕に分類される。"
262,預・貯金窓口事務員,預・貯金窓口事務員。窓口において現金・小切手・為替・振替などの受払いの仕事に従事するものをいう。
263,経理事務員,経理事務員。仕訳伝票の起票、各種帳簿作成、試算表の作成・管理、月次決算や年次決算等の会計処理などの事務の仕事に従事するものをいう。
269,その他の会計事務従事者,その他の会計事務従事者。小分類〔261～263〕に含まれない会計事務の仕事に従事するものをいう。
27,生産関連事務従事者,生産関連事務従事者。生産現場の事務、資材・製品などの出荷・受荷に関する事務の仕事に従事するものをいう。
271,生産現場事務員,生産現場事務員。生産現場において生産・工程管理、記録などの事務の仕事に従事するものをいう。
272,出荷・受荷事務員,出荷・受荷事務員。資材・製品などの出荷・受荷に関する事務の仕事に従事するものをいう。
28,営業・販売事務従事者,"営業・販売事務従事者。経営方針などに従い営業・販売に関する事務の仕事に従事するものをいう
ただし、商品を直接売買するもの及び営業活動を行うものは大分類Ｄ〔販売従事者〕に分類される。"
281,営業・販売事務員,営業・販売事務員。売上伝票の管理、顧客リストの作成など営業・販売に関する事務の仕事に従事するものをいう。
289,その他の営業・販売事務従事者,その他の営業・販売事務従事者。小分類〔281〕に含まれない営業・販売に関する事務の仕事に従事するものをいう。
29,外勤事務従事者,外勤事務従事者。テレビジョン・電気・ガス・水道・新聞などの料金又は掛金の集金、調査票への記入依頼・回収、電気・ガス・水道などのメーターの検針などの外勤事務の仕事に従事するものをいう。
291,集金人,集金人。テレビジョン・電気・ガス・水道・新聞・月賦販売などの料金、又は購買代金などの掛金の集金の仕事に従事するものをいう。
292,調査員,調査員。他人を訪問し、統計調査、世論調査、市場調査などの調査において、調査票への記載を依頼し、回収する仕事に従事するものをいう。
299,その他の外勤事務従事者,その他の外勤事務従事者。各戸を回って、電気・ガス・水道などのメーターを検針する仕事、及び他に分類されない外勤事務の仕事に従事するものをいう。
30,運輸・郵便事務従事者,運輸・郵便事務従事者。運輸交通機関において出札・改札・小荷物・貨物の受渡手続に関する事務の仕事、及び郵便局において郵便に関する事務の仕事に従事するものをいう。
301,旅客・貨物係事務員,旅客・貨物係事務員。駅・自動車発着所・桟橋・空港・荷扱所などの運輸機関において、出札・改札・小荷物・貨物の受渡手続などの事務の仕事に従事するものをいう。
302,運行管理事務員,運行管理事務員。車両・船舶・航空機・自動車などの管理、運転・運行計画の作成、運転指令、配車船などに関する事務的な仕事に従事するものをいう。
303,郵便事務員,郵便事務員。郵便局等において郵便物の引受・処理、切手・はがき・印紙などの販売の仕事に従事するものをいう。
31,事務用機器操作員,事務用機器操作員。パーソナルコンピュータ、電子計算機（パーソナルコンピュータを除く）、複写機などの事務用機器の操作などの仕事に従事するものをいう。
311,パーソナルコンピュータ操作員,パーソナルコンピュータ操作員。指示を受けて、専らパーソナルコンピュータを操作することにより、定型的な文書、表などを作成する仕事に従事するものをいう。
312,データ・エントリー装置操作員,データ・エントリー装置操作員。電子計算機へのデータ入力（記録内容の検査を含む）の仕事に従事するものをいう。
313,電子計算機オペレーター（パーソナルコンピュータを除く）,電子計算機オペレーター（パーソナルコンピュータを除く）。電子計算機（パーソナルコンピュータを除く）又はこれとオンラインで作動する機器を操作する仕事に従事するものをいう。
319,その他の事務用機器操作員,その他の事務用機器操作員。各種事務用機器のうち、電子式卓上計算機・複写機などの事務用機器を操作する仕事に従事するものをいう。
D,販売従事者,"販売従事者。有体的商品の仕入・販売、不動産・有価証券などの売買の仕事、有体的商品・不動産・有価証券などの売買の仲立・取次・代理などの販売類似の仕事、商品の売買・製造・サービスなどに関する取引上の勧誘・交渉・受注・契約締結、保険の代理・募集などの営業の仕事に従事するものをいう。
ただし、販売に伴う接客サービスに従事するものは大分類Ｅ〔サービス職業従事者〕に分類される。"
32,商品販売従事者,商品販売従事者。有体的商品の仕入・販売などの仕事に従事するものをいう。
321,小売店主・店長,"小売店主・店長。小売店を経営管理し、自ら商品の仕入・販売などの仕事に従事するもののうち、主に商品の仕入・販売などの仕事に従事するものをいう。
ただし、主に経営・管理の仕事に従事するものは、大分類Ａ－管理的職業従事者の小分類〔021又は049〕に、行商・呼売・屋台店で商品の販売の仕事に従事するものは小分類〔324〕に分類される。"
322,卸売店主・店長,"卸売店主・店長。卸売店を経営管理し、自ら商品の仕入・販売などの仕事に従事するもののうち、主に商品の仕入・販売などの仕事に従事するものをいう。
ただし、主に経営・管理の仕事に従事するものは、大分類Ａ－管理的職業従事者の小分類〔021又は049〕に、商品売買の代理・仲立の仕事に従事するものは小分類〔339〕に分類される。"
323,販売店員,"販売店員。使用人（家族従業者を含む）として、店舗で商品の販売の仕事に従事するものをいう。 
ただし、商品の販売に付随して、営業の仕事のみに従事するものは小分類〔341～345〕に、配達のみに従事するものは小分類〔705〕に分類される。
また、行商・呼売・屋台店で商品販売の仕事に従事するものは小分類〔324〕に分類される。"
324,商品訪問・移動販売従事者,商品訪問・移動販売従事者。商品を携行し、訪問又は呼売して販売する仕事に従事するもの（商品訪問販売従事者）、及び屋台店などの移動性店舗で商品・飲食物を販売する仕事に従事するもの（商品移動販売従事者）をいう。
325,再生資源回収・卸売従事者,再生資源回収・卸売従事者。繊維ウエイスト・鉄スクラップ・古紙などの再生資源の回収・買入・卸売の仕事に従事するものをいう。
326,商品仕入外交員,商品仕入外交員。他人を訪問し、商品の仕入れ、買付けの仕事に従事するものをいう。
33,販売類似職業従事者,販売類似職業従事者。他人の間に立った売買の取次・あっ（斡）旋の仕事、他人のための売買の代理の仕事、不動産・有価証券の売買、及び他に分類されない販売類似の仕事に従事するものをいう。
331,不動産仲介・売買人,"不動産仲介・売買人。店舗において土地・建物の売買・貸借・交換の代理・仲介の仕事に従事するもの（不動産仲介人）、及び店舗において土地・建物の売買・交換の仕事に従事するもの（不動産売買人）をいう。
ただし、他人を訪問し、不動産の販売に関する取引上の勧誘、交渉、受注の仕事に従事するものは小分類〔347〕に分類される。"
332,保険代理・仲立人（ブローカー）,保険代理・仲立人（ブローカー）。保険業者のために、生命・火災・海上・運送・その他の保険の契約の締結、保険料の収納などの代理業務の仕事に従事するもの（保険代理人）、及び保険契約者のために最適な保険商品について助言を行うなどの仕事に従事するもの（保険仲立人（ブローカー））をいう。
333,有価証券売買・仲立人，金融仲立人,"有価証券売買・仲立人，金融仲立人。店舗において公債・社債・出資証券・株券などの売買の仕事に従事するもの（有価証券売買人）、売買の媒介・取次・代理、売買取引の委託の媒介・取次・代理・引受などの仕事に従事するもの（仲立人）、及び金融機関相互の融資の媒介や、資金や為替などの金融取引の仕事に従事するもの（金融仲立人）をいう。
ただし、金融商品や保険商品の開発などに関わる仕事に従事するものは小分類〔184〕に、有価証券の勧誘の仕事に従事するものは小分類〔346〕に分類される。"
334,質屋店主・店員,質屋店主・店員。質置主と質入物件との関係の確認・担保物件の鑑定・質入契約の締結・金銭の貸付け・質物の保管などの仕事に従事するものをいう。
339,その他の販売類似職業従事者,その他の販売類似職業従事者。貸金・宣伝などの小分類〔321～334〕に含まれない販売又は販売類似の仕事に従事するものをいう。
34,営業職業従事者,"営業職業従事者。他人を訪問し、有体的商品の販売に関する取引上の勧誘・交渉・受注・契約締結の仕事に従事するもの、及び金融・保険の商品の販売に関する勧誘・募集・契約締結の仕事に従事するもの、並びに不動産、サービスの販売に関する取引上の勧誘・交渉・受注・契約締結の仕事に従事するものをいう。
ただし、商品を携行し、訪問等により販売する仕事に従事するものは中分類〔32〕に分類される。"
341,食料品営業職業従事者,食料品営業職業従事者。他人を訪問し、食料品の販売に関する取引上の勧誘・交渉・受注・契約締結の仕事に従事するものをいう。
342,化学品営業職業従事者,化学品営業職業従事者。他人を訪問し、化学品の販売に関する取引上の勧誘・交渉・受注・契約締結の仕事に従事するものをいう。
343,医薬品営業職業従事者,医薬品営業職業従事者。他人を訪問し、医薬品の販売に関する取引上の勧誘・交渉・受注・契約締結の仕事に従事するものをいう。
344,機械器具営業職業従事者（通信機械器具を除く）,"機械器具営業職業従事者（通信機械器具を除く）。他人を訪問し、生産用機械器具、電気機械器具、輸送用機械器具などの機械の販売に関する取引上の勧誘・交渉・受注・契約締結の仕事に従事するものをいう。
ただし、通信機械器具にかかる営業に関しては小分類〔345〕に分類される。"
345,通信・システム営業職業従事者,"通信・システム営業職業従事者。他人を訪問し、通信に関する回線や機械器具などの利用や販売に関する取引上の勧誘、交渉、受注、契約締結の仕事、他人が抱える業務上の問題点の解決や要求の実現を行うための情報処理や情報通信の技術に係るシステムを提案し、これに必要な商品やサービス（ハードウェア、ソフトウェア、通信回線、サポート人員など）を販売することに関して、取引上の勧誘・交渉・受注・契約締結の仕事に従事するものをいう。
ただし、単体のハードウェアの営業に関しては小分類〔344〕に、ソフトウェアにかかる営業に関しては小分類〔349〕に分類される。"
346,金融・保険営業職業従事者,金融・保険営業職業従事者。他人を訪問し、金融・保険の商品の販売、融資に関する勧誘・募集・契約締結などの仕事に従事するものをいう。
347,不動産営業職業従事者,不動産営業職業従事者。他人を訪問し、不動産の販売に関する取引上の勧誘・交渉・受注・契約締結の仕事に従事するものをいう。
349,その他の営業職業従事者,その他の営業職業従事者。小分類〔341～347〕に含まれない営業の仕事に従事するものをいう。
E,サービス職業従事者,サービス職業従事者。個人の家庭における家事サービス、介護・身の回り用務・調理・接客・娯楽など個人に対するサービス、及び他に分類されないサービスの仕事に従事するものをいう。
35,家庭生活支援サービス職業従事者,"家庭生活支援サービス職業従事者。個人の家庭において、調理・育児・洗濯・掃除・介護などの生活を支援するためのサービスの仕事に従事するものをいう。
ただし、技能的又は専門的な仕事に従事するものは、それぞれ該当する項目に分類される。"
351,家政婦（夫），家事手伝い,"家政婦（夫），家事手伝い。個人の家庭又は個人などの求めに応じて、調理、洗濯、掃除、介護を要する者に対する入浴・食事等の世話などの仕事に従事するものをいう。
ただし、個人家庭などに派出し、看護業務に従事するものは小分類〔133〕に、調理、洗濯、掃除、子守りなどの単一の仕事にのみ従事するものは小分類〔359〕に分類される。"
359,その他の家庭生活支援サービス職業従事者,その他の家庭生活支援サービス職業従事者。ベビーシッター、洗濯人など小分類〔351〕に含まれない家庭生活支援サービスの仕事に従事するものをいう。
36,介護サービス職業従事者,介護サービス職業従事者。医療施設、福祉施設等において入所者及び通所者に対し、又は、在宅介護サービスを提供する団体等からの指示等により、介護を必要とする者の居宅を訪問し、その者に対し、入浴、排せつ、食事等の介護の仕事に従事するものをいう。
361,介護職員（医療・福祉施設等）,介護職員（医療・福祉施設等）。医療施設、福祉施設、老人福祉施設等において入所者及び通所者に対する入浴、排せつ、食事等の介護の仕事に従事するものをいう。
362,訪問介護従事者,訪問介護従事者。在宅介護サービスを提供する団体等からの指示等により、介護を必要とする者の居宅を訪問し、その者に対する入浴、排せつ、食事等の介護その他の日常生活を営むのに必要な便宜を供与する仕事に従事するものをいう。
37,保健医療サービス職業従事者,保健医療サービス職業従事者。病院、歯科医院、調剤薬局、動物病院などにおいて、医療行為は行わず、医師、歯科医師、薬剤師、獣医師などからの指示により、専ら患者への食事などの介助、器具の清掃など補助的な仕事に従事するものをいう。
371,看護助手,看護助手。病院などにおいて、医療行為は行わず、医師、看護師からの指示により、専ら患者への食事・入浴などの介助などの仕事に従事するものをいう。
372,歯科助手,歯科助手。歯科医院などにおいて、医療行為は行わず、歯科医師からの指示により、専ら医療器具の清掃・準備、患者の介助などの仕事に従事するものをいう。
379,その他の保健医療サービス職業従事者,その他の保健医療サービス職業従事者。小分類〔371及び372〕に含まれない保健医療サービスの仕事に従事するものをいう。
38,生活衛生サービス職業従事者,生活衛生サービス職業従事者。理容・美容・浴場・クリーニングなど個人に対する生活衛生サービスの仕事に従事するものをいう。
381,理容師,理容師。理容師の免許を有し、頭髪の刈込み・顔そり・ヘアーアイロンかけなど理容サービスの仕事に従事するものをいう。
382,美容師,美容師。美容師の免許を有し、パーマネントウェーブ・結髪・化粧などの美容サービスの仕事に従事するものをいう。
383,美容サービス従事者（美容師を除く）,美容サービス従事者（美容師を除く）。マニキュア、ペディキュア、着付など小分類〔382〕に分類されない美容サービスの仕事に従事するものをいう。
384,浴場従事者,"浴場従事者。浴場・温泉・サウナぶろ・ヘルスセンターの浴場などにおいて、番台・フロント業務・脱衣場の整頓・洗い場の清掃・体の流し・燃料の運搬・かま（釜）の焚き付け・仕込み湯の調節・洗い湯の調節などの仕事に従事するものをいう。
ただし、サウナぶろ等において専らボイラーの取扱・保守・管理の仕事に従事するものは小分類〔642〕に分類される。"
385,クリーニング職,"クリーニング職。被服類を原形のまま洗濯する仕事に従事するものをいう。
ただし、個人の家庭において洗濯の仕事に従事するものは小分類〔359〕に分類される。
また、洗濯物の受注・配達・受付・仕分けの仕事に従事するものは含まれない。"
386,洗張職,洗張職。被服類の洗張・湯のしの仕事に従事するものをいう。
39,飲食物調理従事者,"飲食物調理従事者。飲食物の調理及び酒類等の飲料の混合・調整の仕事に従事するものをいう。
ただし、飲食料品の製造の仕事に従事するものは中分類〔503及び533〕のそれぞれ該当する項目に分類される。"
391,調理人,調理人。飲食店・旅館・ホテル・工場・学校・病院など一般家庭以外の場所において、献立の作成・飲食物の調理及びそれらの補助的な仕事に従事するものをいう。
392,バーテンダー,バーテンダー。キャバレー・バー・ナイトクラブ・その他客に飲食をさせる場所において、主として、酒又は酒類と酒類以外の飲料を混合・調整して、客の飲用に供する調酒の仕事に従事するものをいう。
40,接客・給仕職業従事者,接客・給仕職業従事者。飲食物の給仕、身の回りの用務・接客・娯楽など家庭以外の場所において個人に対するサービスの仕事に従事するものをいう。
401,飲食店主・店長,"飲食店主・店長。飲食店を経営管理し、自ら食品材料の仕入・接客などの仕事に従事するもののうち、主に食品材料の仕入・接客などの仕事に従事するものをいう。
ただし、主に経営・管理の仕事に従事するものは、大分類Ａ－管理的職業従事者の小分類〔021又は049〕に、自ら飲食物の調理を行うものは小分類〔391〕に分類される。"
402,旅館主・支配人,"旅館主・支配人。旅館・ホテルを経営し、又は営業の全部又は一部について従業員を指揮監督し、自らも接客サービスなどの仕事に従事するもののうち、主に接客サービスなどの仕事に従事するものをいう。
ただし、主に経営・管理の仕事に従事するものは大分類Ａ－管理的職業従事者の小分類〔021又は049〕に分類される。"
403,飲食物給仕従事者,飲食物給仕従事者。食堂・喫茶店・旅館・ホテル・待合・料理店・船舶・列車などにおいて食卓の用意・給仕のサービスの仕事に従事するものをいう。
404,身の回り世話従事者,身の回り世話従事者。旅館・ホテル・待合・航空機・船舶・列車などにおいて客の身の回りの用務・部屋の清掃などのサービスの仕事に従事するものをいう。
405,接客社交従事者,接客社交従事者。キャバレー・ナイトクラブ・バーなどにおいて、客の接待をして飲食させるなどの接客サービスの仕事に従事するものをいう。
406,芸者，ダンサー,芸者，ダンサー。芸ぎ（妓）・フロアダンサーなどをいう。
407,娯楽場等接客員,"娯楽場等接客員。映画館・劇場・ダンスホール・競馬場・野球場・遊園地・博覧会・動物園・博物館・美術館などにおいて、整理券・入場券の出札、客の案内、場内の整理、その他の接客サービスの仕事に従事するものをいう。
ただし、展示品・遊戯品・資材の保管・修理に専ら従事するものは含まれない。"
41,居住施設・ビル等管理人,居住施設・ビル等管理人。マンション・寄宿舎・ビルなどの管理の仕事に従事するものをいう。
411,マンション・アパート・下宿管理人,マンション・アパート・下宿管理人。マンション・アパート・下宿・宿泊所の管理の仕事に従事するものをいう。
412,寄宿舎・寮管理人,"寄宿舎・寮管理人。学校・工場などの寄宿舎・寮の管理、寄宿生・寮生に対する生活上の指導の仕事に従事するものをいう。
ただし、掃除などの仕事に従事するものは小分類〔711〕に、児童福祉施設において児童の保育・保護の仕事に従事する保育士は小分類〔163〕に分類される。"
413,ビル管理人,ビル管理人。事務用及び事業用ビル（マンション・アパートなどの居住施設を除く）などで設備管理、清掃、警備、苦情受付など各種管理の仕事に従事するものをいう。
414,駐車場管理人,駐車場管理人。駐車場などで管理の仕事に従事するものをいう。
42,その他のサービス職業従事者,その他のサービス職業従事者。旅行案内・広告宣伝・物品一時預かりなど中分類〔35～41〕に含まれないサービスの仕事に従事するものをいう。
421,旅行・観光案内人,"旅行・観光案内人。客に付き添い、旅行・観光に関する案内の仕事に従事するものをいう。
ただし、旅行案内所などにおいて、旅行に関する説明・宣伝の仕事に従事するものは含まれない。"
422,物品一時預り人,物品一時預り人。客の手荷物・身の回り品の一時預かりの仕事に従事するものをいう。
423,物品賃貸人,"物品賃貸人。物品などの賃貸の仕事に従事するものをいう。
ただし、娯楽場において、娯楽用品の賃貸の仕事に従事するものは小分類〔407〕に分類される。"
424,広告宣伝員,広告宣伝員。流行衣装を着て宣伝する仕事及び広告ビラ配布・街頭広告・宣伝放送などの広告宣伝の仕事に従事するものをいう。
425,葬儀師，火葬作業員,葬儀師，火葬作業員。葬儀の準備、又は死体の火葬の仕事に従事するものをいう。
429,他に分類されないサービス職業従事者,他に分類されないサービス職業従事者。小分類〔421～425〕に含まれないサービスの仕事に従事するものをいう。
F,保安職業従事者,保安職業従事者。国家の防衛、社会・個人・財産の保護、法と秩序の維持などの仕事に従事するものをいう。自衛官・警察官・海上保安官・消防員として任用されていて、医療・教育・事務などのように、他の分類項目に該当する仕事に従事するものも含まれる。
43,自衛官,自衛官。国家の防衛を任務とする自衛隊の隊務に従事するものをいう。防衛省内部部局などの自衛官及び防衛大学校・防衛医科大学校の学生も含まれる。
431,陸上自衛官,陸上自衛官。国家の防衛を任務とする陸上自衛隊の隊務に従事するものをいう。
432,海上自衛官,海上自衛官。国家の防衛を任務とする海上自衛隊の隊務に従事するものをいう。
433,航空自衛官,航空自衛官。国家の防衛を任務とする航空自衛隊の隊務に従事するものをいう。
434,防衛大学校・防衛医科大学校学生,防衛大学校・防衛医科大学校学生。防衛大学校及び防衛医科大学校の学生であるものをいう。
44,司法警察職員,司法警察職員。個人・財産の保護、法と秩序の維持など主として司法警察権を行使する仕事に従事するものをいう。
441,警察官,警察官。個人の生命・身体・財産の保護、犯罪の予防・鎮圧・捜査、被疑者の逮捕、交通の取締り、その他公共の安全・秩序の維持などの警察業務に従事するものをいう。皇宮護衛官も含まれる。
442,海上保安官,海上保安官。海上における犯罪の予防・鎮圧・捜査、被疑者の逮捕、海難救助、その他海上の安全確保に関する仕事に従事するものをいう。
449,その他の司法警察職員,その他の司法警察職員。麻薬取締官など小分類〔441及び442〕に含まれない主として司法警察権を行使する仕事に従事するものをいう。
45,その他の保安職業従事者,その他の保安職業従事者。消防、警備など保安の仕事に従事するものをいう。
451,看守,"看守。刑務所・拘置所の被収容者の監視、作業の指揮監督、刑務所・拘置所内の保安の維持、被収容者の処遇などの仕事に従事するものをいう。
ただし、国からの委託を受け、施設の警備、被収容者の監視などの仕事に従事するものは小分類〔453〕に分類される。"
452,消防員,消防員。火災の予防・警戒・鎮圧、洪水・火事・地震などによる被害の軽減などの仕事、傷病者を医療機関その他の場所へ緊急に搬送する仕事に従事するものをいう。
453,警備員,"警備員。人の身辺において、身体に対する危害の発生の警戒・防止、又は工場・病院・学校・事務所・住宅・その他の施設などにおいて、火災・破損・盗難の予防、突発事故・不法侵入の防止など、人の生命、財産の保護又は構内秩序の維持等に関する警備の仕事に従事するものをいう。
また、国からの委託を受け、刑務所内で施設の警備、被収容者の監視などの仕事に従事するものも本項目に含まれる。"
459,他に分類されない保安職業従事者,他に分類されない保安職業従事者。小分類〔451～453〕に含まれない保安的な仕事に従事するものをいう。
G,農林漁業従事者,農林漁業従事者。農作物の栽培・収穫、養蚕・家畜・家きん（禽）・その他の動物の飼育、林木の育成・伐採・搬出、水産動植物（両生類を含む）の捕獲・採取・養殖をする仕事、及びその他の農林漁業類似の仕事並びにこれらに関連する仕事に従事するものをいう。
46,農業従事者,農業従事者。農作物の栽培・収穫、蚕の飼育、収繭、蚕種の製造、家畜・家きん・その他の動物（水産動物を除く）の飼育、及び農業類似の仕事並びにこれらに関連する仕事に従事するものをいう。
461,農耕従事者,農耕従事者。穀物・野菜・果樹・その他の作物の栽培・収穫などの仕事に従事するものをいう。
462,養畜従事者,養畜従事者。家畜の飼育・繁殖・せん（剪）毛・搾乳などの仕事、家きんの飼育・ふ（孵）卵などの仕事、蚕の飼育・収繭・蚕種の製造の仕事、及びこれらに類似の仕事に従事するものをいう。愛がん（玩）動物の飼育・動物園・サーカス・病院・研究室などにおいて、家畜又は家きんの飼育の仕事に従事するものも含まれる。
463,植木職，造園師,植木職，造園師。植木の植込・手入、庭園の造築の仕事に従事するものをいう。
469,その他の農業従事者,その他の農業従事者。小分類〔461～463〕に含まれない農業・農業類似の仕事に従事するものをいう。
47,林業従事者,林業従事者。林木・苗木・種子の育成・伐採・搬出・処分などの仕事及び山林における製炭・製薪の仕事に従事するものをいう。
471,育林従事者,育林従事者。山林苗木の植付け、地ごしらえ及び林木の健全な育成のための下刈りなどの手入れの 仕事に従事するものをいう。
472,伐木・造材・集材従事者,"伐木・造材・集材従事者。伐木・造材（測尺・枝払い・皮は（剥）ぎ）の仕事に従事するもの、及び伐採された木材を集める仕事並びに山元土場まで搬出する仕事に従事するものをいう。
ただし、製材作業及び薪炭材の伐採作業に従事するものを除く。"
479,その他の林業従事者,その他の林業従事者。小分類〔471～472〕に含まれない林業・林業類似の仕事に従事するものをいう。
48,漁業従事者,漁業従事者。海洋・河川・湖沼などの水域において、自然繁殖している水産動植物（両生類を含む）を採捕する仕事、人工的に水産動植物を育成、収獲する仕事、及びその他の漁業・漁業類似の仕事並びにこれらに関連する仕事に従事するものをいう。
481,漁労従事者,"漁労従事者。海面・海中及び内水面において、水産動物（貝類を除く）を採捕する仕事に従事するものをいう。漁船に乗組んで、漁労作業に従事する甲板部員及び機関部員並びに潜水漁夫も含まれる。
ただし、漁労船の船長・航海士・機関長・機関士は小分類〔482〕に分類される。"
482,船長・航海士・機関長・機関士（漁労船）,"船長・航海士・機関長・機関士（漁労船）。漁労船の運用・航海、船体の保存、機関の運転・保存の仕事に従事し、かつ漁労作業に従事するものをいう。
ただし、母船・工船・漁獲物運搬船・漁業指導船・漁業調査船・漁業練習船・漁業取締船の船長・航海士・機関長・機関士は小分類〔621～623〕に分類される。"
483,海藻・貝採取従事者,海藻・貝採取従事者。天然の海藻・貝類を採取する仕事に従事するものをいう。
484,水産養殖従事者,水産養殖従事者。海水・淡水において、水産動植物を養殖・収獲する仕事に従事するものをいう。
489,その他の漁業従事者,その他の漁業従事者。小分類〔481～484〕に含まれない漁業・漁業類似の仕事に従事するものをいう。
H,生産工程従事者,生産工程従事者。生産設備の制御・監視の仕事、機械・器具・手動具などを用いて原料・材料を加工する仕事、各種の機械器具を組立・調整・修理・検査する仕事、製版・印刷・製本の作業、生産工程で行われる仕事に関連する仕事及び生産に類似する技能的な仕事に従事するものをいう。
49,生産設備制御・監視従事者（金属製品）,生産設備制御・監視従事者（金属製品）。材料に触れて直接処理や加工等を行うことはせず、装置・プラントなどの自動化された生産設備の稼働状況のモニタリング、運転状況の調整を行うなど自動化された生産設備を操作して、金属製品に係る原材料処理、製品製造・加工のための素材の提供、素材の形成、変形、切削、研磨などの製品製造・加工処理を行う生産設備の制御・監視の仕事に従事するものをいう。
491,製銑・製鋼・非鉄金属製錬設備制御・監視員,製銑・製鋼・非鉄金属製錬設備制御・監視員。材料に触れて直接処理や加工等を行うことはせず、装置・プラントなどの自動化された生産設備の稼働状況のモニタリング、運転状況の調整を行うなど自動化された生産設備を操作して、製銑・製鋼・非鉄金属製錬を行う生産設備の制御・監視の仕事に従事するものをいう。
492,鋳物製造・鍛造設備制御・監視員,鋳物製造・鍛造設備制御・監視員。材料に触れて直接処理や加工等を行うことはせず、装置・プラントなどの自動化された生産設備の稼働状況のモニタリング、運転状況の調整を行うなど自動化された生産設備を操作して、鋳物製造・鍛造を行う生産設備の制御・監視の仕事に従事するものをいう。
493,金属工作設備制御・監視員,金属工作設備制御・監視員。材料に触れて直接処理や加工等を行うことはせず、装置・プラントなどの自動化された生産設備の稼働状況のモニタリング、運転状況の調整を行うなど自動化された生産設備を操作して、金属工作を行う生産設備の制御・監視の仕事に従事するものをいう。
494,金属プレス設備制御・監視員,金属プレス設備制御・監視員。材料に触れて直接処理や加工等を行うことはせず、装置・プラントなどの自動化された生産設備の稼働状況のモニタリング、運転状況の調整を行うなど自動化された生産設備を操作して、金属プレスを行う生産設備の制御・監視の仕事に従事するものをいう。
495,鉄工・製缶設備制御・監視員,鉄工・製缶設備制御・監視員。材料に触れて直接処理や加工等を行うことはせず、装置・プラントなどの自動化された生産設備の稼働状況のモニタリング、運転状況の調整を行うなど自動化された生産設備を操作して、鉄工、製缶を行う生産設備の制御・監視の仕事に従事するものをいう。
496,板金設備制御・監視員,板金設備制御・監視員。材料に触れて直接処理や加工等を行うことはせず、装置・プラントなどの自動化された生産設備の稼働状況のモニタリング、運転状況の調整を行うなど自動化された生産設備を操作して、板金を行う生産設備の制御・監視の仕事に従事するものをいう。
497,金属彫刻・表面処理設備制御・監視員,金属彫刻・表面処理設備制御・監視員。材料に触れて直接処理や加工等を行うことはせず、装置・プラントなどの自動化された生産設備の稼働状況のモニタリング、運転状況の調整を行うなど自動化された生産設備を操作して、金属彫刻・金属表面処理を行う生産設備の制御・監視の仕事に従事するものをいう。
498,金属溶接・溶断設備制御・監視員,金属溶接・溶断設備制御・監視員。材料に触れて直接処理や加工等を行うことはせず、装置・プラントなどの自動化された生産設備の稼働状況のモニタリング、運転状況の調整を行うなど自動化された生産設備を操作して、金属の溶接・溶断を行う生産設備の制御・監視の仕事に従事するものをいう。
499,その他の生産設備制御・監視従事者（金属製品）,その他の生産設備制御・監視従事者（金属製品）。材料に触れて直接処理や加工等を行うことはせず、装置・プラントなどの自動化された生産設備の稼働状況のモニタリング、運転状況の調整を行うなど自動化された生産設備を操作して、小分類〔491～498〕に含まれない処理を行う生産設備の制御・監視の仕事に従事するものをいう。
50,生産設備制御・監視従事者（金属製品を除く）,生産設備制御・監視従事者（金属製品を除く）。材料に触れて直接処理や加工等を行うことはせず、装置・プラントなどの自動化された生産設備の稼働状況のモニタリング、運転状況の調整を行うなど自動化された生産設備を操作して、化学製品、窯業製品、土石製品、食料品、飲料・たばこ、紡織、衣服、繊維製品、木製製品、紙製品、印刷・製本、ゴム製品・プラスチック製品などに係る原材料処理、製品製造・加工のための素材の提供、素材の形成、変形、切削、研磨などの製品製造・加工処理を行う生産設備の制御・監視の仕事に従事するものをいう。
501,化学製品生産設備制御・監視員,"化学製品生産設備制御・監視員。材料に触れて直接処理や加工等を行うことはせず、装置・プラントなどの自動化された生産設備の稼働状況のモニタリング、運転状況の調整を行うなど自動化された生産設備を操作して、化学薬品・化学繊維・油脂・医薬品などの化学製品の製造・処理を行う生産設備の制御・監視の仕事に従事するものをいう。製塩の製造を行う生産設備の制御・監視の仕事に従事するものも含まれる。
ただし、動植物油脂の製造を行う生産設備の制御・監視の仕事に従事するものは小分類〔503〕に分類される。"
502,窯業・土石製品生産設備制御・監視員,窯業・土石製品生産設備制御・監視員。材料に触れて直接処理や加工等を行うことはせず、装置・プラントなどの自動化された生産設備の稼働状況のモニタリング、運転状況の調整を行うなど自動化された生産設備を操作して、ガラス製品・れんが・かわら・陶磁器・セメントなどの製造における原料の処理・成形・焼成・加工・仕上げなどの仕事、石製品の原料の処理・成形・仕上げを行う生産設備の制御・監視の仕事に従事するものをいう。
503,食料品生産設備制御・監視員,"食料品生産設備制御・監視員。材料に触れて直接処理や加工等を行うことはせず、装置・プラントなどの自動化された生産設備の稼働状況のモニタリング、運転状況の調整を行うなど自動化された生産設備を操作して、精穀、製粉及び砂糖、味そ・しょう（醤）油、動植物油脂などの調味食品を製造する仕事、めん類・パン・菓子・豆腐・こんにゃく・ふ（麸）・乳・乳製品・肉製品の製造、缶詰・瓶詰などの保存食料品の製造、水産物の処理加工を行う生産設備の制御・監視の仕事などに従事するものをいう。
ただし、製塩・アミノ酸液の製造を行う生産設備の制御・監視の仕事に従事するものは小分類〔501〕に、農耕・漁労作業に従事しながらその延長として簡単な加工作業に従事するものは中分類〔46又は48〕に、と（屠）殺の仕事に従事するものは小分類〔539〕に分類される。"
504,飲料・たばこ生産設備制御・監視員,"飲料・たばこ生産設備制御・監視員。材料に触れて直接処理や加工等を行うことはせず、装置・プラントなどの自動化された生産設備の稼働状況のモニタリング、運転状況の調整を行うなど自動化された生産設備を操作して、清涼飲料・し好飲料・たばこの製造作業を行う生産設備の制御・監視の仕事に従事するものをいう。
ただし、農耕作業に従事しながらその延長として簡単な加工作業に従事するものは中分類〔46〕に分類される。"
505,紡織・衣服・繊維製品生産設備制御・監視員,"紡織・衣服・繊維製品生産設備制御・監視員。材料に触れて直接処理や加工等を行うことはせず、装置・プラントなどの自動化された生産設備の稼働状況のモニタリング、運転状況の調整を行うなど自動化された生産設備を操作して、糸の製造及び織布・編物・編レース・綱・網・フェルトなどの製造・漂白・精練・染色の仕事、布地（ニット生地を含む）・真田ひもなどを裁断・加工・縫製などして衣服・帽子・その他類似の製品の製造を行う生産設備の制御・監視の仕事に従事するものをいう。なめしかわ・毛皮製の被服を裁断・縫製する仕事に従事するものも含まれる。
ただし、化学繊維の製造・紡織作業を行う生産設備の制御・監視の仕事に従事するものは小分類〔501〕に、袋物の製作作業を行う生産設備の制御・監視の仕事に従事するものは小分類〔509〕に分類される。"
506,木・紙製品生産設備制御・監視員,"木・紙製品生産設備制御・監視員。材料に触れて直接処理や加工等を行うことはせず、装置・プラントなどの自動化された生産設備の稼働状況のモニタリング、運転状況の調整を行うなど自動化された生産設備を操作して、板・角材などの製材、木材チップ・合板の製造、木・竹・草・つる及びこれらの類似品を材料として加工し、各種の製品の製造、木材・木材チップ・古紙などからパルプの製造、パルプ・その他の繊維から紙・板紙の製造、紙・板紙加工製品の製造を行う生産設備の制御・監視の仕事に従事するものをいう。
ただし、木製がん具の製作、いすなどの内張り、掛物・ふすまなどの表装を行う生産設備の制御・監視の仕事に従事するものは小分類〔509〕に分類される。"
507,印刷・製本設備制御・監視員,"印刷・製本設備制御・監視員。材料に触れて直接処理や加工等を行うことはせず、装置・プラントなどの自動化された生産設備の稼働状況のモニタリング、運転状況の調整を行うなど自動化された生産設備を操作して、製版・印刷、活字の鋳造及び製本を行う生産設備の制御・監視の仕事に従事するものをいう。写真印刷・謄写印刷を行う生産設備の制御・監視の仕事に従事するものも含まれる。
ただし、木版の製作作業を行う生産設備の制御・監視の仕事に従事するものは小分類〔506〕に分類される。"
508,ゴム・プラスチック製品生産設備制御・監視員,ゴム・プラスチック製品生産設備制御・監視員。材料に触れて直接処理や加工等を行うことはせず、装置・プラントなどの自動化された生産設備の稼働状況のモニタリング、運転状況の調整を行うなど自動化された生産設備を操作して、ゴム原料の処理・ゴム製品の成形・ゴムの加硫などゴム製品（合成ゴムを含む）の製造、プラスチック製品の成形・加工などプラスチック製品の製造を行う生産設備の制御・監視の仕事に従事するものをいう。
509,その他の生産設備制御・監視従事者（金属製品を除く）,その他の生産設備制御・監視従事者（金属製品を除く）。材料に触れて直接処理や加工等を行うことはせず、装置・プラントなどの自動化された生産設備の稼働状況のモニタリング、運転状況の調整を行うなど自動化された生産設備を操作して、小分類〔501～508〕に含まれない毛皮・なめし革の製造、各種の革製品（衣服を除く）の製造、かばん・袋物・がん（玩）具・洋傘・ちょうちん・うちわ・ほうき・ブラシ・漆器・印判等の製造又は貴金属・宝石・甲・角等の細工等、内張、表具など他に分類されない製造を行う生産設備の制御・監視の仕事に従事するものをいう。
51,機械組立設備制御・監視従事者,機械組立設備制御・監視従事者。材料に触れて直接組み立てを行うことはせず、産業用ロボットなどの自動化された生産設備の稼働状況のモニタリング、運転状況の調整を行うなど自動化された生産設備を操作して、電気機械器具や輸送機械などの各種機械の組み立てを行う生産設備の制御・監視の仕事に従事するものをいう。
511,はん用・生産用・業務用機械器具組立設備制御・監視員,はん用・生産用・業務用機械器具組立設備制御・監視員。材料に触れて直接処理や加工等を行うことはせず、産業用ロボットなどの自動化された生産設備の稼働状況のモニタリング、運転状況の調整を行うなど自動化された生産設備を操作して、原動機・工作機械・農業用機械・建設用機械・紡績機械・織物機械・印刷機械・事務用機械器具などの各種の機械器具（電気機械器具、輸送機械及び計量計測機器・光学機械器具を除く）の組み立てを行う生産設備の制御・監視の仕事に従事するものをいう。
512,電気機械器具組立設備制御・監視員,電気機械器具組立設備制御・監視員。材料に触れて直接処理や加工等を行うことはせず、産業用ロボットなどの自動化された生産設備の稼働状況のモニタリング、運転状況の調整を行うなど自動化された生産設備を操作して、回転電気機械・配電盤・変圧器・送電装置・整流装置・電気通信機械器具・電球・電子管・電池・電線・電らん（纜）・その他の電気機械器具の組み立てを行う生産設備の制御・監視の仕事に従事するものをいう。
513,自動車組立設備制御・監視員,自動車組立設備制御・監視員。材料に触れて直接処理や加工等を行うことはせず、産業用ロボットなどの自動化された生産設備の稼働状況のモニタリング、運転状況の調整を行うなど自動化された生産設備を操作して、自動車部品の組立て、自動車車体の成形（板金作業を除く）・組立て（溶接専門を除く）、自動車車台の組立（車台の材料加工を除く）作業、自動車にエンジン・電装品・計器類を据付・ぎ（艤）装を行う生産設備の制御・監視の仕事に従事するものをいう。
514,輸送機械組立設備制御・監視員（自動車を除く）,輸送機械組立設備制御・監視員（自動車を除く）。材料に触れて直接処理や加工等を行うことはせず、産業用ロボットなどの自動化された生産設備の稼働状況のモニタリング、運転状況の調整を行うなど自動化された生産設備を操作して、自転車・航空機・鉄道車両・船舶・軽車両などの輸送機械の組み立てを行う生産設備の制御・監視の仕事に従事するものをいう。
515,計量計測機器・光学機械器具組立設備制御・監視員,計量計測機器・光学機械器具組立設備制御・監視員。材料に触れて直接処理や加工等を行うことはせず、産業用ロボットなどの自動化された生産設備の稼働状況のモニタリング、運転状況の調整を行うなど自動化された生産設備を操作して、計量計測機器・時計・光学機械器具の組み立てを行う生産設備の制御・監視の仕事に従事するものをいう。
52,製品製造・加工処理従事者（金属製品）,"製品製造・加工処理従事者（金属製品）。道具や機械器具などを用いて、金属製品に係る原材料処理、製品製造・加工のための素材の提供、素材の形成、変形、切削、研磨などの製品製造・加工処理を行う仕事に従事するものをいう。
ただし、金属材料、金属製品の製造などにおける装置・プラントなどの自動化された生産設備の稼働状況のモニタリング、運転状況の調整を行うなど自動化された生産設備の制御・監視の仕事に従事するものは中分類49に分類される。"
521,製銑・製鋼・非鉄金属製錬従事者,製銑・製鋼・非鉄金属製錬従事者。高炉・電気炉を用いて銑鉄・合金鉄を製造するため、原料の装入・炉況の監視・出さい（滓）・除さい（滓）・出銑・鋳銑・鋳鉄・熱風炉操作の仕事、転炉・各種電気炉を用いて銑鉄・溶融銑鉄・鉄鋼くずなどから鋼・特殊鋼を製造するため、原料の装入・炉の操作管理・ガス弁の切替え・試料採取・出鋼・造塊の仕事及びキュポラ（溶銑炉）・コシキ・各種電気炉を用いた鋳物用鉄の溶融の仕事、溶鉱炉・反射炉・転炉・レトルト・るつぼ・各種電気炉・電解槽などを用いて原鉱石若しくは金属くず（屑）から非鉄金属を製造するため、又は粗製非鉄金属を再溶融精製して精製非鉄金属を製造するため、原料装入・炉の操作・製錬の監視・原鉱の溶解・電解液の調整・電極の操作・汲出し、粗製金属板の電極からのはく（剥）離・電解槽の処理・再溶融炉の操作及び鋳込造塊の仕事に従事するものをいう。
522,鋳物製造・鍛造従事者,鋳物製造・鍛造従事者。模型を用いて、鋳物用溶融金属を鋳込む砂型・中子を作り、これを組み立てた鋳型あるいは金属型などに溶解金属を注入して鋳物を製造する仕事、加熱及び半熱間又は常温で、冶工具・金型を使用して鍛造用機械ハンマ・プレスなどで金属を種々の形状に鍛錬・成形加工する仕事に従事するものをいう。ほど（火床）係も含まれる。
523,金属工作機械作業従事者,"金属工作機械作業従事者。旋盤・フライス盤（ミーリング）・平削り盤・形削り盤・立削り盤・ボール盤・ボーリング盤（中ぐり盤）・歯切盤・ギヤフライス盤・ギヤセーパー・ホブ盤・研磨盤・ブローチ盤（矢通し）・溝切盤・背切盤・ねじ立盤・冶具ボーラー・金属ろくろなどの金属工作機械を用いて、金属材料に切削加工をする仕事に従事するものをいう。金属材にプラスチック材などを結合させて切削するものも含まれる。
ただし、金属工作機械を用いて溶断を行う場合は小分類〔528〕に分類される。"
524,金属プレス従事者,"金属プレス従事者。金属板をプレス機を用いて、冷間で打抜き、曲げ、絞って一定の形に成形する仕事、及び刻印する仕事に従事するものをいう。
ただし、打貫機による孔の打貫きの仕事、及び打抜き型・曲げ型・絞り型をプレス機に取付調整する仕事に専ら従事するものは小分類〔529〕に、板金作業に従事する一過程において、プレス機を使用するものは小分類〔526〕に分類される。"
525,鉄工，製缶従事者,"鉄工，製缶従事者。鉄塔・橋りょう（梁）・煙突・鉄骨・ボイラー・圧力容器・タンク（鉄槽）などの製作・組立のための現図の作成・型板取・鋼板け（罫）がき・孔あけ・ぎょう（撓）鉄・組立て・てんげき（填隙）・はつりの仕事に従事するものをいう。孔あけ・ぎょう鉄・組立て・てんげき・はつりの一部又は全部の仕事に従事するもの、鉄工、製缶作業に従事する一過程において、金属の接合又は溶断をするものも含まれる。
ただし、現図展開・型板取・鋼板け（罫）がきの仕事に専ら従事するものは含まれない。"
526,板金従事者,"板金従事者。金切はさみ・つち（鎚）・簡単な切断機・曲げロール機などを用いて、金属薄板を切断・曲げ・絞り・成形する仕事、加工された金属薄板を組み合わせ、ハンダ・硬ろう（蝋）・ガス・電気で接着して仕上げる仕事に従事するものをいう。板金作業に従事する一過程において、プレス機を使用するものも含まれる。
ただし、はんだ付けのみ、ガス溶接のみ又は図型展開のみに従事するものは含まれない。"
527,金属彫刻・表面処理従事者,"金属彫刻・表面処理従事者。各種の手工具・機械又は科学的腐しょく（蝕）技術によって金属に模様・文字・目盛・けい（罫）線・像を彫刻・切削加工する仕事、電気めっき・乾式めっき・浸漬めっき・被膜防せい（錆）（着色を含む）・アルマイト加工・電解研磨などのめっき作業に従事するものをいう。めっき前の研磨・脱脂・酸洗い及びめっき後の水洗い・熱湯洗じょう（滌）・仕上研磨の仕事、グラインダー・と石・やすり・たがねなどを用いて、金属材料・半製品・製品のきず（疵）取り、研磨又は切削加工をして仕上げる仕事に従事するものをいう。
ただし、美術品の創作及び貴金属の彫刻に従事するものは含まれない。また、機械的除脂・防せい（錆）・研磨・つや（艶）出し・カバー掛けなどに専ら従事するものは小分類〔529〕に分類される。"
528,金属溶接・溶断従事者,"金属溶接・溶断従事者。アーク溶接・抵抗溶接などの電熱を利用して、金属を接合する仕事、酸素アセチレンガス・プラズマ・レーザーなどのエネルギーで、金属の接合又は溶断をする仕事に従事するものをいう。金属工作機械による溶断も含まれる。
ただし、鉄工、製缶作業に従事する一過程において、金属の接合又は溶断をするものは小分類〔525〕に分類される。"
529,その他の製品製造・加工処理従事者（金属製品）,"その他の製品製造・加工処理従事者（金属製品）。金属を加熱・冷却することにより、焼ならし・焼なまし・浸炭焼入焼戻し・窒化・軟窒化などを行い、金属に一定の性質を与える仕事、金属熱処理品の準備（運搬のみに従事するものを除く）・後処理、金属の塊・板・棒などから板・条・棒を製作するため、圧延機の操作・加工材料の取扱い・金属加熱炉の操作・矯正ロールの操作の仕事、押出し・引抜き・溶接などの方法によって金属管を製作・精整する仕事（熱間・冷間・溶融を問わない）、製管機械に連続する溶接・継ぎ目削り・のこ（鋸）断の仕事、溶融金属の押出しによる製管の溶融の仕事、金属ダイス・ダイヤモンドダイスの孔を通して金属線を引く仕事、巻取の仕事、鉱石の粉砕・ほう（焙）焼・焼結・団鉱・仕上げなど小分類〔521及び522〕に含まれない金属材料製造の仕事に従事、機械又は手道具を用いて網・かご（籠）・クリップ・ラスなどの針金製品の製造、針・ピン類の製造、及び冷間成形によるばねの成形の仕事、冷間成形及び温間成形による金属ねじ類の成形の仕事、ねじ類の材料の切断・圧造・成形・穴あけ・孔あけ・トリミング・溝入れ・先取・転造・タッピング・研磨（バフ磨きを除く）の仕事、針・ピン類の材料の切断・孔あけ・成形・研磨（バフ磨きを除く）の仕事、金属の切断・はさみとぎなど小分類〔523～528〕に含まれない金属加工の仕事に従事するものをいう。
ただし、針・ピン類の熱処理・めっき・包装、ばね材の帯金属材又は針金の切断・みぞずり・溶接・研磨・熱処理・着色、ねじ類の熱処理・溶接・めっき・着色・包装、及び熱間成形によるばね又はねじ類の製造の仕事に従事するものは含まれない。"
53,製品製造・加工処理従事者（金属製品を除く）,"製品製造・加工処理従事者（金属製品を除く）。道具や機械器具などを用いて、化学製品、窯業製品、土石製品、食料品、飲料・たばこ、紡織、衣服、繊維製品、木製製品、紙製品、印刷・製本、ゴム製品・プラスチック製品などに係る原材料処理、製品製造・加工のための素材の提供、素材の形成、変形、切削、研磨などの製品製造・加工処理を行う仕事に従事するものをいう。
ただし、化学製品、窯業製品、土石製品、食料品、飲料・たばこ、紡織、衣服、繊維製品、木製製品、紙製品、印刷・製本、ゴム製品・プラスチック製品などの製造における装置・プラントなどの自動化された生産設備の稼働状況のモニタリング、運転状況の調整を行うなど自動化された生産設備の制御・監視の仕事に従事するものは中分類〔50〕に分類される。"
531,化学製品製造従事者,"化学製品製造従事者。道具や機械器具などを用いて、化学薬品・化学繊維・油脂・医薬品などの化学製品の製造・処理の仕事に従事するものをいう。製塩の仕事に従事するものも含まれる。
ただし、動植物油脂を製造する仕事に従事するものは小分類〔533〕に分類される。"
532,窯業・土石製品製造従事者,窯業・土石製品製造従事者。道具や機械器具などを用いて、ガラス製品・れんが・かわら・陶磁器・セメントなどの製造における原料の処理・成形・焼成・加工・仕上げなどの仕事、石製品の原料の処理・成形・仕上げの仕事に従事するものをいう。
533,食料品製造従事者,"食料品製造従事者。道具や機械器具などを用いて、精穀、製粉及び砂糖、味そ・しょう（醤）油、動植物油脂などの調味食品を製造する仕事、めん類・パン・菓子・豆腐・こんにゃく・ふ（麸）・乳・乳製品・肉製品の製造、缶詰・瓶詰などの保存食料品の製造、水産物の処理加工の仕事などに従事するものをいう。
ただし、製塩・アミノ酸液製造の仕事に従事するものは小分類〔531〕に、農耕・漁労作業に従事しながらその延長として簡単な加工作業に従事するものは中分類〔46又は48〕に、と（屠）殺の仕事に従事するものは小分類〔539〕に分類される。"
534,飲料・たばこ製造従事者,"飲料・たばこ製造従事者。道具や機械器具などを用いて、清涼飲料・し好飲料・たばこの製造作業に従事するものをいう。
ただし、農耕作業に従事しながらその延長として簡単な加工作業に従事するものは中分類〔46〕に分類される。"
535,紡織・衣服・繊維製品製造従事者,"紡織・衣服・繊維製品製造従事者。道具や機械器具などを用いて、糸の製造、織布・編物・編レース・綱・網・フェルトなどの製造・漂白・精練・染色の仕事、布地（ニット生地を含む）などを裁断・加工・縫製などして衣服・帽子・その他類似の製品を製造する仕事に従事するものをいう。なめしかわ・毛皮製の被服を裁断・縫製する仕事に従事するものも含まれる。
ただし、化学繊維の製造・紡織作業に従事するものは小分類〔531〕に、袋物の製作作業に従事するものは小分類〔539〕に分類される。"
536,木・紙製品製造従事者,"木・紙製品製造従事者。道具や機械器具などを用いて、板・角材などを製材する仕事、木材チップ・合板を製造する仕事、木・竹・草・つる及びこれらの類似品を材料として加工し、各種の製品を製造する仕事、木材・木材チップ・古紙などからパルプを製造、パルプ・その他の繊維から紙・板紙を製造、紙・板紙加工製品を製造する仕事に従事するものをいう。
ただし、木製がん具の製作、いすなどの内張り、掛物・ふすまなどの表装の仕事に従事するものは小分類〔539〕に分類される。"
537,印刷・製本従事者,"印刷・製本従事者。道具や機械器具などを用いて、製版・印刷、活字の鋳造及び製本の仕事に従事するものをいう。写真印刷・謄写印刷の仕事に従事するものも含まれる。
ただし、木版の製作作業に従事するものは小分類〔536〕に分類される。"
538,ゴム・プラスチック製品製造従事者,ゴム・プラスチック製品製造従事者。道具や機械器具などを用いて、ゴム原料の処理・ゴム製品の成形・ゴムの加硫などゴム製品（合成ゴムを含む）の製造、プラスチック製品の成形・加工などプラスチック製品の製造の仕事に従事するものをいう。
539,その他の製品製造・加工処理従事者（金属製品を除く）,その他の製品製造・加工処理従事者（金属製品を除く）。道具や機械器具などを用いて、小分類〔531～538〕に含まれない毛皮・なめし革の製造、各種の革製品（衣服を除く）の製造の仕事、かばん・袋物・がん（玩）具・洋傘・ちょうちん・うちわ・ほうき・ブラシ・漆器・印判等の製造又は貴金属・宝石・甲・角等の細工等の仕事、内張、表具など他に分類されない製造の仕事に従事するものをいう。
54,機械組立従事者,"機械組立従事者。道具や機械器具などを用いた手作業により、個々の部品を結合し、調整して、電気機械器具や輸送機械などの各種機械を完成させる仕事に従事するものをいう。
ただし、機械の組み立てにおいて産業用ロボットなどの自動化された生産設備の稼働状況のモニタリング、運転状況の調整を行うなど自動化された生産設備の制御・監視の仕事に従事するものは中分類〔51〕に分類される。"
541,はん用・生産用・業務用機械器具組立従事者,はん用・生産用・業務用機械器具組立従事者。原動機・工作機械・農業用機械・建設用機械・紡績機械・織物機械・印刷機械・事務用機械器具などの各種の機械器具（電気機械器具、輸送機械及び計量計測機器・光学機械器具を除く）の組立て・調整の仕事に従事するものをいう。
542,電気機械器具組立従事者,電気機械器具組立従事者。回転電気機械・配電盤・変圧器・送電装置・整流装置・電気通信機械器具・電球・電子管・電池・電線・電らん（纜）・その他の電気機械器具の製造・組立及び調整の仕事に従事するものをいう。
543,自動車組立従事者,自動車組立従事者。自動車部品の手道具による組立て、自動車車体の成形（板金作業を除く）・組立て（溶接専門を除く）、自動車車台の組立（車台の材料加工を除く）作業、自動車にエンジン・電装品・計器類を据付・ぎ（艤）装する仕事に従事するものをいう。
544,輸送機械組立従事者（自動車を除く）,輸送機械組立従事者（自動車を除く）。航空機・鉄道車両・船舶・軽車両などの輸送機械又はその部分品の加工・組立ての仕事に従事するものをいう。
545,計量計測機器・光学機械器具組立従事者,計量計測機器・光学機械器具組立従事者。計量計測機器・時計・光学機械器具の組立て・調整、及びレンズ・プリズムなどの研磨・調整・コーティング・組合せ・目盛りの仕事に従事するものをいう。
55,機械整備・修理従事者,機械整備・修理従事者。機械の整備や修理を行う仕事に従事するものをいう。工場などの生産現場において生産設備の整備の仕事に従事するものも含まれる。
551,はん用・生産用・業務用機械器具整備・修理従事者,"はん用・生産用・業務用機械器具整備・修理従事者。原動機・工作機械・農業用機械・建設用機械・紡績機械・織物機械・印刷機械・事務用機械器具などの各種の機械器具（電気機械器具、輸送機械、計量計測機器・光学機械器具を除く）の部分修理・総修理・整備の仕事に従事するものをいう。
ただし、金属部分の切削加工に専ら従事するものは小分類〔523〕に分類される。"
552,電気機械器具整備・修理従事者,電気機械器具整備・修理従事者。回転電気機械・配電盤・変圧器・送電装置・整流装置・電気通信機械器具・電球・電子管・電池・電線・電らん（纜）・その他の電気機械器具の修理の仕事に従事するものをいう。
553,自動車整備・修理従事者,"自動車整備・修理従事者。自動車のエンジン・車体・シャシー・車体部品などの整備・修理の仕事に従事するものをいう。
ただし、内張関係の修理・塗装の塗り替え・ガラスの入替えの仕事に従事するものは含まれない。"
554,輸送機械整備・修理従事者（自動車を除く）,輸送機械整備・修理従事者（自動車を除く）。航空機・鉄道車両・船舶・軽車両などの輸送機械又はその部分品の修理の仕事に従事するものをいう。
555,計量計測機器・光学機械器具整備・修理従事者,計量計測機器・光学機械器具整備・修理従事者。計量計測機器・時計・光学機械器具の修理の仕事に従事するものをいう。
56,製品検査従事者（金属製品）,製品検査従事者（金属製品）。金属材料の製造などの生産活動、または金属材料の加工処理、金属の溶接・溶断における、中間生産物及び最終生産物の検査の仕事に従事するものをいう。
561,金属材料検査従事者,金属材料検査従事者。金属材料を製造・処理してできた製品の検査に関する仕事に従事するものをいう。
562,金属加工・溶接・溶断検査従事者,金属加工・溶接・溶断検査従事者。機械又は手道具を用いて、金属材料を加工、若しくは電気、ガスなどにより金属を溶接・溶断により製造された製品の検査の仕事に従事するものをいう。
57,製品検査従事者（金属製品を除く）,製品検査従事者（金属製品を除く）。化学製品、窯業製品、土石製品、食料品、飲料・たばこ、紡織、衣服、繊維製品、木製製品、紙製品、印刷・製本、ゴム製品・プラスチック製品などの生産活動における、中間生産物及び最終生産物の検査の仕事に従事するものをいう。
571,化学製品検査従事者,化学製品検査従事者。化学薬品・化学繊維・油脂・医薬品などの化学製品の検査の仕事に従事するものをいう。製塩の検査に従事するものも含まれる
572,窯業・土石製品検査従事者,窯業・土石製品検査従事者。ガラス製品・れんが・かわら・陶磁器・セメント、石製品の検査の仕事に従事するものをいう。
573,食料品検査従事者,食料品検査従事者。精穀、製粉及び砂糖、味そ・しょう（醤）油、動植物油脂などの調味食品、めん類・パン・菓子・豆腐・こんにゃく・ふ（麸）・乳・乳製品・肉製品、缶詰・瓶詰などの保存食料品、水産物の処理加工により作られた製品の検査の仕事に従事するものをいう。
574,飲料・たばこ検査従事者,飲料・たばこ検査従事者。製造された清涼飲料・し好飲料・たばこの検査の仕事に従事するものをいう。
575,紡織・衣服・繊維製品検査従事者,紡織・衣服・繊維製品検査従事者。糸及び織布・編物・編レース・綱・網・フェルトなどの製品、漂白・精練・染色された製品、布地（ニット生地を含む）・真田ひもなどを裁断・加工・縫製などして製造された衣服・帽子・その他類似の製品、なめしかわ・毛皮製の被服を検査する仕事に従事するものをいう。
576,木・紙製品検査従事者,木・紙製品検査従事者。板・角材などの製材、木材チップ・合板、木・竹・草・つる及びこれらの類似品を材料として加工した各種の製品、木材・木材チップ・古紙などから製造したパルプ、パルプ・その他の繊維から製造した紙・板紙、紙・板紙加工製品を検査する仕事に従事するものをいう
577,印刷・製本検査従事者,印刷・製本検査従事者。製版・印刷、鋳造した活字及び製本の検査の仕事に従事するものをいう。
578,ゴム・プラスチック製品検査従事者,ゴム・プラスチック製品検査従事者。ゴム原料の処理・ゴム製品の成形・ゴムの加硫などゴム製品（合成ゴムを含む）の製造、プラスチック製品の成形・加工などプラスチック製品の検査の仕事に従事するものをいう
579,その他の製品検査従事者（金属製品を除く）,その他の製品検査従事者（金属製品を除く）。小分類〔571～578〕に含まれない毛皮・なめし革、各種の革製品（衣服を除く）、かばん・袋物・がん（玩）具・洋傘・ちょうちん・うちわ・ほうき・ブラシ・漆器・印判等又は貴金属・宝石・甲・角等の細工等、内張、表具などの検査の仕事に従事するものをいう。
58,機械検査従事者,機械検査従事者。各種機械の生産活動における、中間生産物及び最終生産物の検査の仕事に従事するものをいう。
581,はん用・生産用・業務用機械器具検査従事者,はん用・生産用・業務用機械器具検査従事者。原動機・工作機械・農業用機械・建設用機械・紡績機械・織物機械・印刷機械・事務用機械器具などの各種の機械器具（電気機械器具、輸送機械及び計量計測機器・光学機械器具を除く）の検査の仕事に従事するものをいう。
582,電気機械器具検査従事者,電気機械器具検査従事者。電気機械器具の試験・検査の仕事に従事するものをいう。
583,自動車検査従事者,自動車検査従事者。自動車の検査の仕事に従事するものをいう。
584,輸送機械検査従事者（自動車を除く）,輸送機械検査従事者（自動車を除く）。自動車を除く輸送機械の検査の仕事に従事するものをいう。
585,計量計測機器・光学機械器具検査従事者,計量計測機器・光学機械器具検査従事者。計量計測機器・光学機械器具の検査の仕事に従事するものをいう。
59,生産関連・生産類似作業従事者,生産関連・生産類似作業従事者。塗装や写真現像など生産に関連し、又は生産に類似する技能的な仕事に従事するものをいう。
591,生産関連作業従事者,生産関連作業従事者。塗装、紙・板・カンバス・銅版などへの絵描き・文字書き、写真現像・焼付・引伸し、製図・写図・現図など生産に関連する技能的な仕事に従事するものをいう。
592,生産類似作業従事者,生産類似作業従事者。生産に類似する技能的な仕事に従事するものをいう。
I,輸送・機械運転従事者,輸送・機械運転従事者。機関車・電車・自動車・船舶・航空機などの運転・操縦の仕事、及びその他の関連する仕事、並びに定置機関・機械及び建設機械を操作する仕事に従事するものをいう。
60,鉄道運転従事者,鉄道運転従事者。鉄道・軌道の電気機関車・ディーゼル機関車・蒸気機関車・電車などを運転・操作する仕事に従事するものをいう。
601,電車運転士,電車運転士。鉄道・軌道の電車・トロリーバスなどを運転する仕事に従事するものをいう。
609,その他の鉄道運転従事者,その他の鉄道運転従事者。電気・ディーゼル・蒸気機関車の運転、蒸気缶の操作の仕事に従事するもの、又はその助士、及び気動車を運転する仕事に従事するものをいう。
61,自動車運転従事者,自動車運転従事者。各種自動車（バス・乗用自動車・貨物自動車など）を運転する仕事に従事するものをいう。
611,バス運転者,バス運転者。バスを運転する仕事に従事するものをいう。
612,乗用自動車運転者,乗用自動車運転者。乗用自動車を運転する仕事に従事するものをいう。
613,貨物自動車運転者,貨物自動車運転者。貨物運送用自動車を運転する仕事に従事するものをいう。
619,その他の自動車運転従事者,その他の自動車運転従事者。バス・乗用自動車・貨物自動車以外の自動車を運転する仕事に従事するものをいう。
62,船舶・航空機運転従事者,船舶・航空機運転従事者。船舶（漁労船を除く）・航空機の機関の保全整備・水先案内・運転などの仕事に従事するものをいう。
621,船長（漁労船を除く）,船長（漁労船を除く）。漁労船を除く各種船舶に船長として乗り組み、船内所属員を指揮監督し、各部との連絡調整、船舶の安全維持、能率的な運航等、その船舶に属する一切の仕事を統括するものをいう。
622,航海士・運航士（漁労船を除く），水先人,航海士・運航士（漁労船を除く），水先人。漁労船を除く各種船舶に航海士として乗り組み、甲板部員を指揮監督して航海業務を掌握し、航海当直に立って操船上の責任を負うとともに船体、航海用機械器具の保存手入れ、荷役の主管、船内規律の保持、甲板部員の人事管理などの仕事に従事するもの、近代化船に運航士として乗り組み、航海士又は機関士の行う船舶の運航に関する職務のうち、甲板部及び機関部の職員の航海当直を中心とした職務を併せ行う仕事に従事するもの、並びに船舶のふくそう（輻輳）する港湾、水道及びその他船舶の航行の危険の予想される特定の水域（水先区）に出入する船舶に水先人として乗り組み、船舶を安全にきょう（嚮）導する仕事に従事するものをいう。
623,船舶機関長・機関士（漁労船を除く）,船舶機関長・機関士（漁労船を除く）。漁労船を除く各種船舶に機関長又は機関士として乗り組み、機関の運転・保存整備、燃料・かん（缶）水の受領、潤滑油・船用品の受払・保管、属具の整備、その他機関部に属する仕事に従事するものをいう。
624,航空機操縦士,航空機操縦士。航空機に乗り組み、機長又は副操縦士として航空機の操縦、その位置・針路の測定、航法上の資料の算出の仕事に従事するものをいう。なお、航空機に機関士として乗り組み、発動機・機体の整備・点検・取扱の仕事に従事するものも含む。
63,その他の輸送従事者,その他の輸送従事者。操車・信号・転てつ（轍）・連結の仕事、船舶の甲板における仕事、その他中分類〔60～62〕に含まれない運輸の仕事に従事するものをいう。
631,車掌,車掌。列車・電車・バスなどに乗務し、発車の合図、乗客・貨物の輸送、車内の秩序保持、切符の販売などの仕事に従事するものをいう。
632,鉄道輸送関連業務従事者,鉄道輸送関連業務従事者。鉄道の駅構内において、列車の進路設定や車両（電車、機関車、貨車など）の入換をするために、信号や転てつ機を制御する操作、車両の解結の際の機関車の誘導、車両の制動管の取扱い、車両の留置計画の作成や貨車の行先表示の取扱いなどの仕事に従事するものをいう。
633,甲板員，船舶技士,甲板員，船舶技士。船舶に乗り組み、船舶のけい（繋）離・見張、貨物の積卸・看視、船体の手入掃除、操だ（舵）、信号、船匠の仕事に従事するもの及び近代化船に乗り組み、部員として甲板部、機関部両部の航海当直の仕事に従事するものをいう。
634,船舶機関員,船舶機関員。船舶に乗り組み、舶用機関各部の点検・調整・注油、給水ポンプの取扱いなどの舶用機関の仕事に従事するものをいう。舶用内燃機関を運転する仕事に従事するものも含まれる。
639,他に分類されない輸送従事者,他に分類されない輸送従事者。小分類〔631～634〕に含まれない運輸の仕事に従事するものをいう。
64,定置・建設機械運転従事者,"定置・建設機械運転従事者。発電・変電・送電・配電装置の操作・監視・点検・保守の仕事に従事するもの、及び蒸気機関・クレーン（起重機）などの定置機関・機械、並びに掘削機械・整地機械などの建設・さく井機械、採油・天然ガス採取機械の点検・調整・操作・運転の仕事に従事するものをいう。
ただし、定置機械（発電・変電・送電・配電装置を除く）及び建設機械の修理・保全の仕事に従事するものは小分類〔551〕に、採掘現場において手持機械・工具を用いて掘削等の仕事に従事するものは小分類〔691〕に分類される。"
641,発電員，変電員,発電員，変電員。発電所・変電所・電気動力室において、発電・配電装置の操作・監視・点検・保守の仕事に従事するものをいう。
642,ボイラー・オペレーター,ボイラー・オペレーター。陸用蒸気機関の取扱い業務・保守・管理などの仕事に従事するものをいう。
643,クレーン・ウインチ運転従事者,クレーン・ウインチ運転従事者。クレーン・デリック・揚貨装置・ウインチなどの運転・点検・調整の仕事に従事するものをいう。
644,ポンプ・ブロワー・コンプレッサー運転従事者,ポンプ・ブロワー・コンプレッサー運転従事者。ポンプ・ブロワー・コンプレッサーの点検・調整・運転の仕事に従事するものをいう。
645,建設・さく井機械運転従事者,"建設・さく井機械運転従事者。土木工事・運搬機械・基礎工事用機械・削孔機械などの建設用機械の運転・点検・調整の仕事、及び地上・海中において、機械を操作・運転して、地殻から石油・天然ガス・温泉（熱水・蒸気）・水を採取するための井戸掘削及び地質構造を調査するためのボーリングの仕事に従事するものをいう。
ただし、ミキサー運搬自動車の運転作業に従事するものは小分類〔613〕に分類される。"
646,採油・天然ガス採取機械運転従事者,採油・天然ガス採取機械運転従事者。地上・海中において、機械を操作・運転して、自噴又は促進されて自噴するものの採油、坑井内へのガスの圧入による採油、ポンプによる採油、ガス分離そう（槽）・附属圧縮機などを使用した油とガスの分離による採取の仕事、及びこれらを大タンクに送り込む仕事並びにこれらに関連する仕事に従事するものをいう。
649,その他の定置・建設機械運転従事者,その他の定置・建設機械運転従事者。小分類〔641～646〕に含まれない、定置機関・機械及び建設機械の点検・調整・運転並びにこれらに関連する仕事に従事するものをいう。
J,建設・採掘従事者,"建設・採掘従事者。建設の仕事、電気工事に係る作業を行う仕事、ダム・トンネルの掘削などの仕事、鉱物の探査・試掘・採掘・採取・選鉱の仕事に従事するものをいう。
ただし、建設機械を操作する仕事に従事するものは、大分類Ｉ〔輸送・機械運転従事者〕に分類される。"
65,建設躯体工事従事者,建設躯体工事従事者。ビル、家屋などの建設工事に関連して、型枠の組立作業、とび（鳶）・鉄筋組立てなどの躯体関係の仕事に従事するものをいう。
651,型枠大工,型枠大工。合板製型枠の作製並びに木を用いて、コンクリートを打ち込むための鋳型となる型枠及び支柱の組立て・取付けの作業、建造物の水平・垂直の確保の仕事に従事するものをいう。
652,とび職,とび職。くい（杭）打・建方・足場組み・ひき家・家屋の解体・取り壊し・けた（桁）かけなどの仕事に従事するものをいう。
653,鉄筋作業従事者,"鉄筋作業従事者。鉄筋の下ごしらえ、組立て、結束、切断、屈曲、成形等の仕事に従事するものをいう。
ただし、鉄筋コンクリート製品製造にかかる鉄筋作業者は小分類〔529〕に分類される。"
66,建設従事者（建設躯体工事従事者を除く）,"建設従事者（建設躯体工事従事者を除く）。ビル、家屋などの建設工事に関連して、ブロック積み・タイル張り・防水・屋根ふき・左官・配管・熱絶縁・畳の仕立作業などの中分類〔65〕に含まれない仕事に従事するものをいう。
ただし、鉄骨工・ダムやトンネルの掘削工・トタン屋根ふき工・建設機械運転工・電気工事作業者・塗装工・土木作業者・鉄道線路工事作業者などは含まれない。"
661,大工,"大工。家屋などの築造・屋内造作などの木工事の仕事に従事するものをいう。
ただし、足場作り・棟上げ・柱の組立の仕事に専ら従事する建築とび工は小分類〔652〕に分類される。"
662,ブロック積・タイル張従事者,ブロック積・タイル張従事者。コンクリートブロック等を用いて各種構築物の築造又は改修のための積上げ・目地詰めの仕事及びタイル・テラコッタ等を柱・壁・床・浴槽などにセメントモルタル・接着剤等を用いて張り付け又は目地詰めする仕事に従事するものをいう。
663,屋根ふき従事者,"屋根ふき従事者。かわらふき・スレートかわらふき・土居ふきなどの屋根ふき又はふきかえの仕事に従事するものをいう。
ただし、金属材による屋根ふきの仕事に従事するものは小分類〔526〕に分類される。"
664,左官,左官。土・モルタル・プラスタ・漆くい（喰）の壁材料を用いて、壁塗りなどの仕事に従事するものをいう。
665,畳職,畳職。畳の仕立て・はめ込み・畳表の裏返しの仕事に従事するものをいう。
666,配管従事者,"配管従事者。ガス管・水道管・蒸気管・通風管・輸送管の取付け・寸法取り・管曲げ・継ぎ手付けの仕事に従事するものをいう。ビニル管の配管作業に従事するものも含まれる。
ただし、土管・コンクリート管の敷設、電線管の取付け・曲げの仕事に従事するものは含まれない。"
669,その他の建設従事者,その他の建設従事者。掘井戸・横井戸・掘抜井戸などの井戸手掘り、沈没船解体・海難救助などのための潜水、ガラスのはめ込みなど小分類〔661～666〕に含まれない建設の仕事に従事するものをいう。
67,電気工事従事者,"電気工事従事者。送電線・配電線・通信線の架設・保守、電信機・電話機の据付け・保守、電灯・電気照明設備などの配線・保守、電気照明装置・電気機械器具の据付け・保守などの仕事に従事するものをいう。
ただし、発電・変電・送電・配電装置の操作・監視・点検・保守の仕事に従事するものは小分類〔641〕に分類される。"
671,送電線架線・敷設従事者,送電線架線・敷設従事者。送電線の架設・敷設・接続・保守の仕事に従事するものをいう。
672,配電線架線・敷設従事者,配電線架線・敷設従事者。配電線の架設・敷設・接続・保守の仕事に従事するものをいう。
673,通信線架線・敷設従事者,"通信線架線・敷設従事者。通信線の架設・敷設・接続・保守の仕事に従事するものをいう。
ただし、屋内の通信線配線工事の仕事に従事するものは小分類〔674〕に分類される。"
674,電気通信設備工事従事者,"電気通信設備工事従事者。送信機・受信機・中継装置・電話機・交換機の据付け・端末設備等の接続・保守の仕事に従事するものをいう。
屋内の通信線配線工事作業に従事するものも含まれる。"
679,その他の電気工事従事者,その他の電気工事従事者。電灯・電気照明設備などの配線・保守、電気照明装置・電気機械装置の据付け・保守の仕事に従事するものをいう。
68,土木作業従事者,土木作業従事者。土砂の掘削・埋戻し、コンクリートの練りや充てん、道路の舗装、鉄道・軌道のレールの敷設・保線などの仕事、及びダム・トンネルの掘削・掘進の仕事に従事するものをいう。
681,土木従事者,土木従事者。建設現場又は土木工事現場で、土砂の掘削・根切り・埋戻し・締め固め、コンクリートの練りや充てん、Ｕ字溝・コンクリート管などの埋設、道路の修築・アスファルト舗装・コンクリート舗装などの仕事に従事するものをいう。
682,鉄道線路工事従事者,鉄道線路工事従事者。鉄道・軌道のレールの敷設・保線の仕事に従事するものをいう。
683,ダム・トンネル掘削従事者,ダム・トンネル掘削従事者。ダム・トンネルを作るため、さく（鑿）岩機械・器具を用いて、さく岩掘進の仕事に従事するものをいう。
69,採掘従事者,"採掘従事者。地表・地下・海辺・海底・沖合・河床などにおいて、各種の鉱物を手持機械・工具により採掘・採取する仕事、坑道の保持強化・充てん（填）、坑内における資材・鉱物の運搬、鉱物の選別・破砕、採鉱の仕事及び他に分類されない鉱物の掘採・採取に関連する仕事に従事するものをいう。
ただし、採掘現場において、専ら掘削機械、さく井機械、採油・天然ガス採取機械の操作・運転の仕事に従事するものは中分類〔64〕に分類される。"
691,採鉱員,採鉱員。採鉱場において、鉱業法第３条に掲げる鉱物（原油・アスファルト・可燃性天然ガスを除く）を採取するため、手持機械・工具を用いて坑道を掘進し、切羽を開き、採掘する仕事に従事するものをいう。
692,石切出従事者,石切出従事者。採石場において、表土取り、削岩、石切り、大割りなどして、各種石材の切出しの仕事に従事するものをいう。
693,砂利・砂・粘土採取従事者,砂利・砂・粘土採取従事者。砂利・砂・粘土などの採取場において、手持機械・工具を用いて砂利・砂・粘土鉱物（耐火粘土を除く）を採取する仕事に従事するものをいう。
699,その他の採掘従事者,その他の採掘従事者。小分類〔691～693〕に含まれない採鉱・採石に関連する仕事に従事するものをいう。
K,運搬・清掃・包装等従事者,運搬・清掃・包装等従事者。主に身体を使って行う定型的な作業のうち、運搬・配達・梱包・清掃・包装等に従事するものをいう。
70,運搬従事者,運搬従事者。郵便・電報の集配及び貨物の運搬・積込み・積卸し・配達並びにこん（梱）包の仕事に従事するものをいう。
701,郵便・電報外務員,郵便・電報外務員。郵便物の集配及び電報の配達の仕事に従事するものをいう。
702,船内・沿岸荷役従事者,船内・沿岸荷役従事者。港湾において、船積貨物の船舶・はしけへの積込み又は船舶・はしけからの取卸し、上屋などの荷さばき場への搬入又は上屋などの荷さばき場からの搬出、及び荷さばきの仕事に従事するものをいう。
703,陸上荷役・運搬従事者,"陸上荷役・運搬従事者。運送店・駅・工場・事業場などで、貨物・荷物・資材の積卸し・運搬の仕事に従事するものをいう。
ただし、船内荷役作業者・沿岸荷役作業者は小分類〔702〕に分類される。"
704,倉庫作業従事者,倉庫作業従事者。倉庫において、貨物の搬入・搬出・積卸し・積直しなどの仕事に従事するものをいう。
705,配達員,配達員。荷物・商品などを所定の場所へ配達する仕事に従事するものをいう。
706,荷造従事者,荷造従事者。輸送の目的のため、品物の箱詰め、袋詰め・スチールバンド掛け・くぎ（釘）打ちなどのこん（梱）包に従事するものをいう。
71,清掃従事者,清掃従事者。建物、住宅、道路、公園及び列車・船舶・航空機などの清掃の仕事に従事するもの、及びし尿やごみの収集の仕事に従事するものをいう。
711,ビル・建物清掃員,"ビル・建物清掃員。ビルや建物を対象として、ガラス・床・階段・手すり・洗面所などの清掃の仕事に従事するものをいう。
ただし、他人の求めに応じて、住宅の清掃の仕事に従事するものは小分類〔712〕に分類される。"
712,ハウスクリーニング職,"ハウスクリーニング職。他人の求めに応じて、住宅内の水回り設備・家庭用器具などの清掃の仕事に従事するものをいう。
ただし、ビルや建物を対象として、ガラス・床・階段・手すり・洗面所などの清掃の仕事に従事するものは小分類〔711〕に分類される。"
713,道路・公園清掃員,道路・公園清掃員。道路・公園の清掃の仕事に従事するものをいう。
714,ごみ・し尿処理従事者,ごみ・し尿処理従事者。し尿や、ごみ・粗大ごみ等の一般廃棄物の取集・運搬・処分などの仕事に従事するものをいう。
715,産業廃棄物処理従事者,産業廃棄物処理従事者。事業活動に伴って生じた廃棄物の取集・運搬・処分などの仕事に従事するものをいう。
719,その他の清掃従事者,その他の清掃従事者。列車・船舶・航空機・車の清掃、建物の消毒、害虫駆除など小分類〔711～715〕に含まれない清掃の仕事に従事するものをいう。
72,包装従事者,"包装従事者。品物を保護等するための包装の仕事に従事するものをいう。
ただし、輸送の目的のためこん（梱）包の仕事に従事するものは中分類〔70〕に分類される。"
721,包装従事者,"包装従事者。品物を保護・保存し、携帯を便利にし、体裁をよくするため、各種の材料で包装する仕事に従事するものをいう。
ただし、輸送の目的のため、品物の箱詰め、袋詰め・スチールバンド掛け・くぎ（釘）打ちなどのこん（梱）包に従事するものは小分類〔706〕に分類される。"
73,その他の運搬・清掃・包装等従事者,その他の運搬・清掃・包装等従事者。官庁・学校・会社などの雑務、及び他に分類されない労務的作業に従事するものをいう。
739,その他の運搬・清掃・包装等従事者,その他の運搬・清掃・包装等従事者。機械の掃除、資材の整理、官庁・学校・商店・工場・倉庫・建設現場・駅・公園・病院などの雑務、及び他に分類されない労務的作業に従事するものをいう。
L,分類不能の職業,分類不能の職業。いずれの項目にも分類しえないものである。これは主に調査票の記入が不備であるか又は記入不詳により、いずれの項目にも分類しえないものである。
99,分類不能の職業,分類不能の職業
999,分類不能の職業,分類不能の職業。いずれの項目にも分類しえないものである。これは主に調査票の記入が不備であるか又は記入不詳により、いずれの項目にも分類しえないものである。
